user_played,instrument_name,velocity,pitch,start (s),end (s)
True,piano,96,60,0.0,0.1349207361111111
False,piano,96,72,0.0,0.1349207361111111
True,piano,96,62,0.27210904761904764,0.40702978373015875
False,piano,96,74,0.27210904761904764,0.40702978373015875
False,piano,96,64,0.5442180952380953,1.060091498015873
True,piano,96,68,0.5442180952380953,1.060091498015873
True,piano,96,71,0.5442180952380953,1.060091498015873
True,piano,96,76,0.5442180952380953,1.060091498015873
True,piano,96,60,1.0884361904761906,1.2233569265873017
False,piano,96,72,1.0884361904761906,1.2233569265873017
False,piano,96,62,1.360545238095238,1.4954659742063492
True,piano,96,74,1.360545238095238,1.4954659742063492
True,piano,96,64,1.6326542857142856,1.890024093253968
True,piano,96,69,1.6326542857142856,1.890024093253968
True,piano,96,72,1.6326542857142856,1.890024093253968
False,piano,96,76,1.6326542857142856,1.890024093253968
True,piano,96,62,1.9047633333333331,2.162133140873016
True,piano,96,74,1.9047633333333331,2.162133140873016
False,piano,96,60,2.1768723809523807,2.311793117063492
False,piano,96,72,2.1768723809523807,2.311793117063492
True,piano,96,59,2.4489814285714284,2.5839021646825397
True,piano,96,71,2.4489814285714284,2.5839021646825397
False,piano,96,57,2.721090476190476,2.9784602837301586
False,piano,96,63,2.721090476190476,2.9784602837301586
False,piano,96,69,2.721090476190476,2.9784602837301586
True,piano,87,59,2.9931995238095235,3.250569331349206
False,piano,87,71,2.9931995238095235,3.250569331349206
True,piano,78,60,3.265308571428571,3.400229307539682
False,piano,78,72,3.265308571428571,3.400229307539682
False,piano,69,62,3.5374176190476185,3.67233835515873
False,piano,69,74,3.5374176190476185,3.67233835515873
True,piano,60,62,3.8095266666666663,4.325400069444444
False,piano,60,68,3.8095266666666663,4.325400069444444
False,piano,60,76,3.8095266666666663,4.325400069444444
True,piano,64,71,4.353744761904761,4.481862771825396
False,piano,60,62,4.353744761904761,4.481862771825396
False,piano,64,69,4.489799285714285,4.6179172956349195
True,piano,60,63,4.489799285714285,4.6179172956349195
True,piano,64,68,4.625853809523808,4.753971819444443
False,piano,60,64,4.625853809523808,4.753971819444443
False,piano,64,69,4.761908333333332,4.890026343253966
False,piano,60,65,4.761908333333332,4.890026343253966
False,piano,60,64,4.897962857142855,5.02608086706349
False,piano,60,63,5.0340173809523785,5.162135390873013
True,piano,64,72,4.897962857142855,5.168938117063489
False,piano,60,64,5.170071904761902,5.298189914682537
False,piano,60,65,5.306126428571425,5.43424443849206
True,piano,64,74,5.442180952380949,5.5702989623015835
False,piano,60,64,5.442180952380949,5.5702989623015835
False,piano,64,72,5.578235476190472,5.706353486111107
True,piano,60,66,5.578235476190472,5.706353486111107
False,piano,64,71,5.714289999999996,5.84240800992063
True,piano,60,67,5.714289999999996,5.84240800992063
False,piano,64,72,5.850344523809519,5.978462533730154
True,piano,60,68,5.850344523809519,5.978462533730154
False,piano,60,69,5.9863990476190425,6.114517057539677
True,piano,60,68,6.122453571428566,6.250571581349201
False,piano,64,76,5.9863990476190425,6.257374307539677
False,piano,60,69,6.258508095238089,6.386626105158724
False,piano,60,70,6.394562619047613,6.5226806289682475
False,piano,64,77,6.530617142857136,6.658735152777771
False,piano,60,69,6.530617142857136,6.658735152777771
False,piano,65,76,6.66667166666666,6.794789676587294
False,piano,61,70,6.66667166666666,6.794789676587294
True,piano,66,75,6.802726190476183,6.930844200396818
True,piano,62,71,6.802726190476183,6.930844200396818
False,piano,68,76,6.9387807142857065,7.066898724206341
True,piano,63,72,6.9387807142857065,7.066898724206341
False,piano,69,83,7.07483523809523,7.202953248015865
True,piano,64,72,7.07483523809523,7.202953248015865
True,piano,70,81,7.210889761904753,7.339007771825388
False,piano,65,77,7.210889761904753,7.339007771825388
True,piano,71,80,7.346944285714277,7.4750622956349115
True,piano,66,76,7.346944285714277,7.4750622956349115
False,piano,72,81,7.4829988095238,7.611116819444435
False,piano,67,75,7.4829988095238,7.611116819444435
True,piano,73,83,7.619053333333324,7.747171343253958
False,piano,68,74,7.619053333333324,7.747171343253958
False,piano,74,81,7.755107857142847,7.883225867063482
False,piano,69,75,7.755107857142847,7.883225867063482
True,piano,75,80,7.8911623809523705,8.019280390873005
False,piano,70,76,7.8911623809523705,8.019280390873005
True,piano,76,81,8.027216904761895,8.15533491468253
True,piano,71,77,8.027216904761895,8.15533491468253
True,piano,72,76,8.16327142857142,8.291389438492056
True,piano,69,75,8.299325952380945,8.42744396230158
False,piano,66,76,8.43538047619047,8.563498486111106
True,piano,63,77,8.571434999999996,8.699553009920631
False,piano,77,84,8.16327142857142,8.706355736111108
True,piano,60,78,8.707489523809521,8.835607533730157
False,piano,64,81,8.707489523809521,8.964859331349205
False,piano,60,77,8.843544047619046,8.971662057539682
True,piano,60,76,8.979598571428571,9.107716581349207
True,piano,64,84,8.979598571428571,9.236968378968255
False,piano,60,75,9.115653095238097,9.243771105158732
False,piano,68,75,9.342410634920638,9.42744471230159
False,piano,68,71,9.251707619047622,9.509077426587304
True,piano,73,83,9.251707619047622,9.509077426587304
True,piano,68,76,9.433113650793652,9.518147728174606
False,piano,68,75,9.614519682539685,9.699553759920637
True,piano,68,69,9.523816666666669,9.78118647420635
True,piano,73,81,9.523816666666669,9.78118647420635
False,piano,68,76,9.7052226984127,9.790256775793653
False,piano,68,75,9.886628730158732,9.971662807539683
False,piano,68,67,9.795925714285715,10.053295521825397
False,piano,73,79,9.795925714285715,10.053295521825397
True,piano,68,76,9.977331746031746,10.0623658234127
False,piano,68,75,10.158737777777779,10.24377185515873
True,piano,68,69,10.068034761904762,10.325404569444444
False,piano,73,81,10.068034761904762,10.325404569444444
True,piano,68,76,10.249440793650793,10.334474871031746
False,piano,68,75,10.430846825396825,10.515880902777777
True,piano,68,71,10.34014380952381,10.597513617063491
False,piano,73,83,10.34014380952381,10.597513617063491
True,piano,68,76,10.52154984126984,10.606583918650793
False,piano,68,75,10.702955873015872,10.787989950396824
False,piano,68,69,10.612252857142856,10.869622664682538
False,piano,73,81,10.612252857142856,10.869622664682538
False,piano,68,76,10.793658888888887,10.87869296626984
True,piano,67,75,10.97506492063492,11.06009899801587
False,piano,68,67,10.884361904761903,11.141731712301585
False,piano,73,79,10.884361904761903,11.141731712301585
True,piano,66,76,11.065767936507934,11.150802013888887
False,piano,64,75,11.247173968253966,11.332208045634918
True,piano,65,69,11.15647095238095,11.413840759920632
True,piano,70,81,11.15647095238095,11.413840759920632
False,piano,63,76,11.33787698412698,11.422911061507934
True,piano,61,75,11.519283015873013,11.604317093253965
True,piano,62,71,11.428579999999997,11.685949807539679
True,piano,66,83,11.428579999999997,11.685949807539679
False,piano,60,76,11.609986031746027,11.69502010912698
False,piano,58,75,11.79139206349206,11.876426140873011
False,piano,59,69,11.700689047619043,11.958058855158725
True,piano,63,81,11.700689047619043,11.958058855158725
False,piano,57,76,11.882095079365074,11.967129156746028
False,piano,60,75,12.063501111111107,12.148535188492058
True,piano,60,67,11.97279809523809,12.230167902777772
True,piano,64,79,11.97279809523809,12.230167902777772
False,piano,60,76,12.154204126984121,12.239238204365074
True,piano,60,75,12.335610158730153,12.420644236111105
True,piano,60,66,12.244907142857137,12.50227695039682
True,piano,64,78,12.244907142857137,12.50227695039682
False,piano,60,72,12.426313174603168,12.511347251984121
False,piano,64,76,12.517016190476184,12.606585418650788
True,piano,60,71,12.6077192063492,12.697288434523804
False,piano,60,68,12.698422222222217,12.78799145039682
True,piano,60,67,12.789125238095233,12.878694466269836
True,piano,60,66,12.879828253968249,12.969397482142853
True,piano,60,65,12.970531269841265,13.055565347222217
True,piano,64,71,13.06123428571428,13.189352295634915
False,piano,60,62,13.06123428571428,13.189352295634915
True,piano,64,69,13.197288809523805,13.32540681944444
True,piano,60,63,13.197288809523805,13.32540681944444
False,piano,64,68,13.33334333333333,13.461461343253966
True,piano,60,64,13.33334333333333,13.461461343253966
True,piano,64,69,13.469397857142855,13.59751586706349
False,piano,60,65,13.469397857142855,13.59751586706349
True,piano,60,64,13.60545238095238,13.733570390873016
False,piano,60,63,13.741506904761906,13.869624914682541
False,piano,64,72,13.60545238095238,13.876427640873018
False,piano,60,64,13.87756142857143,14.005679438492066
False,piano,60,65,14.013615952380956,14.141733962301592
False,piano,64,74,14.149670476190481,14.277788486111117
False,piano,60,64,14.149670476190481,14.277788486111117
False,piano,64,72,14.285725000000006,14.413843009920642
False,piano,60,66,14.285725000000006,14.413843009920642
False,piano,64,71,14.421779523809532,14.549897533730167
True,piano,60,67,14.421779523809532,14.549897533730167
True,piano,64,72,14.557834047619057,14.685952057539692
True,piano,60,68,14.557834047619057,14.685952057539692
False,piano,60,69,14.693888571428582,14.822006581349218
False,piano,60,68,14.829943095238107,14.958061105158743
False,piano,64,76,14.693888571428582,14.96486383134922
False,piano,60,69,14.965997619047632,15.094115628968268
True,piano,60,70,15.102052142857158,15.230170152777793
False,piano,64,77,15.238106666666683,15.366224676587318
False,piano,60,69,15.238106666666683,15.366224676587318
False,piano,65,76,15.374161190476208,15.502279200396844
True,piano,61,70,15.374161190476208,15.502279200396844
False,piano,66,75,15.510215714285733,15.638333724206369
False,piano,62,71,15.510215714285733,15.638333724206369
True,piano,68,76,15.646270238095259,15.774388248015894
False,piano,63,72,15.646270238095259,15.774388248015894
False,piano,69,83,15.782324761904784,15.91044277182542
False,piano,64,72,15.782324761904784,15.91044277182542
False,piano,70,81,15.918379285714309,16.046497295634943
False,piano,65,77,15.918379285714309,16.046497295634943
False,piano,71,80,16.054433809523832,16.182551819444466
False,piano,66,76,16.054433809523832,16.182551819444466
True,piano,72,81,16.190488333333356,16.31860634325399
False,piano,67,75,16.190488333333356,16.31860634325399
False,piano,73,83,16.32654285714288,16.454660867063513
True,piano,68,74,16.32654285714288,16.454660867063513
True,piano,74,81,16.462597380952403,16.590715390873036
True,piano,69,75,16.462597380952403,16.590715390873036
True,piano,75,80,16.598651904761926,16.72676991468256
True,piano,70,76,16.598651904761926,16.72676991468256
False,piano,76,81,16.73470642857145,16.862824438492083
False,piano,71,77,16.73470642857145,16.862824438492083
False,piano,72,76,16.870760952380973,16.998878962301607
False,piano,69,75,17.006815476190496,17.13493348611113
False,piano,66,76,17.14287000000002,17.270988009920654
True,piano,63,77,17.278924523809543,17.407042533730177
False,piano,77,84,16.870760952380973,17.413845259920652
False,piano,60,78,17.414979047619067,17.5430970575397
True,piano,64,81,17.414979047619067,17.67234885515875
True,piano,60,77,17.55103357142859,17.679151581349224
False,piano,60,76,17.687088095238114,17.815206105158747
False,piano,64,84,17.687088095238114,17.944457902777796
True,piano,60,75,17.823142619047637,17.95126062896827
False,piano,68,75,18.049900158730175,18.13493423611113
True,piano,68,71,17.95919714285716,18.216566950396842
False,piano,73,83,17.95919714285716,18.216566950396842
False,piano,68,76,18.140603174603193,18.225637251984143
True,piano,68,75,18.32200920634922,18.407043283730175
False,piano,68,69,18.231306190476207,18.48867599801589
False,piano,73,81,18.231306190476207,18.48867599801589
True,piano,68,76,18.41271222222224,18.49774629960319
False,piano,68,75,18.59411825396827,18.679152331349222
False,piano,68,67,18.503415238095254,18.760785045634936
False,piano,73,79,18.503415238095254,18.760785045634936
True,piano,68,76,18.684821269841287,18.769855347222236
True,piano,68,75,18.866227301587315,18.95126137896827
False,piano,68,69,18.7755242857143,19.032894093253983
False,piano,73,81,18.7755242857143,19.032894093253983
False,piano,68,76,18.956930317460333,19.041964394841283
True,piano,68,75,19.138336349206362,19.223370426587316
False,piano,68,71,19.047633333333348,19.30500314087303
False,piano,73,83,19.047633333333348,19.30500314087303
True,piano,68,76,19.22903936507938,19.31407344246033
True,piano,68,75,19.41044539682541,19.495479474206363
False,piano,68,69,19.319742380952395,19.577112188492077
False,piano,73,81,19.319742380952395,19.577112188492077
False,piano,68,76,19.501148412698427,19.586182490079377
False,piano,67,75,19.682554444444456,19.76758852182541
True,piano,68,67,19.59185142857144,19.849221236111124
False,piano,73,79,19.59185142857144,19.849221236111124
False,piano,66,76,19.773257460317474,19.858291537698424
False,piano,64,75,19.954663492063503,20.039697569444456
False,piano,65,69,19.86396047619049,20.12133028373017
False,piano,70,81,19.86396047619049,20.12133028373017
False,piano,63,76,20.04536650793652,20.13040058531747
False,piano,61,75,20.22677253968255,20.311806617063503
False,piano,62,71,20.136069523809535,20.393439331349217
True,piano,66,83,20.136069523809535,20.393439331349217
False,piano,60,76,20.317475555555568,20.402509632936518
False,piano,58,75,20.498881587301597,20.58391566468255
False,piano,59,69,20.408178571428582,20.665548378968264
True,piano,63,81,20.408178571428582,20.665548378968264
False,piano,57,76,20.589584603174615,20.674618680555565
False,piano,60,75,20.770990634920643,20.856024712301597
False,piano,60,67,20.68028761904763,20.93765742658731
False,piano,64,79,20.68028761904763,20.93765742658731
True,piano,60,76,20.86169365079366,20.94672772817461
True,piano,60,75,21.04309968253969,21.128133759920644
False,piano,60,66,20.952396666666676,21.209766474206358
True,piano,64,78,20.952396666666676,21.209766474206358
True,piano,60,72,21.13380269841271,21.21883677579366
False,piano,72,71,21.292532976190486,21.356025087301596
True,piano,77,76,21.224505714285723,21.359426450396835
True,piano,72,68,21.36056023809525,21.42405234920636
False,piano,72,67,21.42858750000001,21.49207961111112
True,piano,72,66,21.49661476190477,21.56010687301588
True,piano,72,68,21.56464202380953,21.62813413492064
True,piano,72,69,21.63266928571429,21.6961613968254
True,piano,72,71,21.70069654761905,21.76418865873016
True,piano,80,72,21.76872380952381,21.903644545634922
True,piano,80,76,21.76872380952381,21.903644545634922
True,piano,80,74,22.04083285714286,22.175753593253972
True,piano,80,77,22.04083285714286,22.175753593253972
False,piano,80,72,22.31294190476191,22.447862640873023
True,piano,80,76,22.31294190476191,22.447862640873023
False,piano,80,79,22.31294190476191,22.447862640873023
False,piano,80,72,22.58505095238096,22.719971688492073
True,piano,80,76,22.58505095238096,22.719971688492073
True,piano,80,79,22.58505095238096,22.719971688492073
False,piano,80,76,22.85716000000001,22.92405347420636
True,piano,80,81,22.85716000000001,22.92405347420636
True,piano,80,73,22.993214523809534,23.060107998015884
True,piano,80,79,22.993214523809534,23.060107998015884
False,piano,80,73,23.129269047619058,23.196162521825407
False,piano,80,77,23.129269047619058,23.196162521825407
True,piano,80,67,23.26532357142858,23.33221704563493
False,piano,80,76,23.26532357142858,23.33221704563493
False,piano,80,67,23.67348714285715,23.808407878968264
False,piano,80,71,23.401378095238105,23.917251498015883
False,piano,80,74,23.401378095238105,23.917251498015883
False,piano,60,72,23.945596190476202,24.216571450396838
False,piano,60,76,23.945596190476202,24.216571450396838
True,piano,60,74,24.217705238095252,24.48868049801589
False,piano,60,77,24.217705238095252,24.48868049801589
False,piano,60,72,24.489814285714303,24.624735021825416
True,piano,60,76,24.489814285714303,24.624735021825416
False,piano,60,79,24.489814285714303,24.624735021825416
True,piano,60,72,24.761923333333353,24.896844069444466
False,piano,60,76,24.761923333333353,24.896844069444466
False,piano,60,79,24.761923333333353,24.896844069444466
False,piano,60,76,25.034032380952404,25.100925855158753
False,piano,60,81,25.034032380952404,25.100925855158753
True,piano,60,73,25.170086904761927,25.236980378968276
False,piano,60,79,25.170086904761927,25.236980378968276
False,piano,60,73,25.30614142857145,25.3730349027778
False,piano,60,77,25.30614142857145,25.3730349027778
False,piano,60,67,25.442195952380974,25.509089426587323
False,piano,60,76,25.442195952380974,25.509089426587323
True,piano,60,71,25.578250476190497,26.094123878968276
True,piano,60,74,25.578250476190497,26.094123878968276
False,piano,72,69,26.122468571428595,26.39344383134923
True,piano,72,72,26.122468571428595,26.39344383134923
True,piano,72,71,26.394577619047645,26.66555287896828
False,piano,72,74,26.394577619047645,26.66555287896828
True,piano,72,72,26.666686666666696,26.924056474206377
True,piano,72,76,26.666686666666696,26.924056474206377
False,piano,72,72,26.938795714285742,27.196165521825424
False,piano,72,76,26.938795714285742,27.196165521825424
True,piano,86,64,26.666686666666696,27.20977097420638
True,piano,72,70,27.210904761904793,27.339022771825427
False,piano,72,77,27.210904761904793,27.339022771825427
True,piano,72,76,27.346959285714316,27.47507729563495
True,piano,72,74,27.48301380952384,27.611131819444473
False,piano,72,72,27.619068333333363,27.747186343253997
True,piano,86,65,27.210904761904793,27.753989069444472
True,piano,72,71,27.755122857142887,28.270996259920665
True,piano,86,66,27.755122857142887,28.29820716468257
False,piano,72,72,28.299340952380984,28.556710759920666
False,piano,72,71,28.57145000000003,28.828819807539713
True,piano,72,74,28.57145000000003,28.828819807539713
False,piano,86,68,28.299340952380984,28.842425259920667
False,piano,72,72,28.84355904761908,29.100928855158763
True,piano,72,76,28.84355904761908,29.100928855158763
False,piano,70,72,29.115668095238128,29.37303790277781
False,piano,70,76,29.115668095238128,29.37303790277781
True,piano,86,64,28.84355904761908,29.386643355158764
True,piano,68,74,29.38777714285718,29.515895152777812
False,piano,68,77,29.38777714285718,29.515895152777812
False,piano,67,76,29.523831666666702,29.651949676587336
True,piano,66,74,29.659886190476225,29.78800420039686
False,piano,65,72,29.79594071428575,29.924058724206382
False,piano,81,69,29.38777714285718,29.930861450396858
False,piano,64,62,29.931995238095272,30.44786864087305
True,piano,64,71,29.931995238095272,30.44786864087305
True,piano,76,68,29.931995238095272,30.475079545634955
False,piano,64,71,30.47621333333337,30.604331343254003
True,piano,60,62,30.47621333333337,30.604331343254003
True,piano,64,69,30.612267857142893,30.740385867063527
True,piano,60,63,30.612267857142893,30.740385867063527
False,piano,64,68,30.748322380952416,30.87644039087305
True,piano,60,64,30.748322380952416,30.87644039087305
False,piano,64,69,30.88437690476194,31.012494914682573
False,piano,60,65,30.88437690476194,31.012494914682573
False,piano,60,64,31.020431428571463,31.148549438492097
True,piano,60,63,31.156485952380987,31.28460396230162
True,piano,64,72,31.020431428571463,31.291406688492096
False,piano,60,64,31.29254047619051,31.420658486111144
True,piano,60,65,31.428595000000033,31.556713009920667
True,piano,64,74,31.564649523809557,31.69276753373019
False,piano,60,64,31.564649523809557,31.69276753373019
True,piano,64,72,31.70070404761908,31.828822057539714
False,piano,60,66,31.70070404761908,31.828822057539714
False,piano,64,71,31.836758571428604,31.964876581349237
False,piano,60,67,31.836758571428604,31.964876581349237
False,piano,64,72,31.972813095238127,32.100931105158764
True,piano,60,68,31.972813095238127,32.100931105158764
True,piano,60,69,32.10886761904765,32.236985628968284
True,piano,60,68,32.24492214285717,32.373040152777804
False,piano,64,76,32.10886761904765,32.37984287896828
False,piano,60,69,32.3809766666667,32.50909467658733
False,piano,60,70,32.51703119047622,32.64514920039685
False,piano,64,77,32.65308571428574,32.78120372420637
True,piano,60,69,32.65308571428574,32.78120372420637
True,piano,65,76,32.78914023809526,32.91725824801589
True,piano,61,70,32.78914023809526,32.91725824801589
True,piano,68,75,32.92519476190478,33.05331277182541
False,piano,63,71,32.92519476190478,33.05331277182541
False,piano,70,76,33.0612492857143,33.18936729563493
False,piano,65,72,33.0612492857143,33.18936729563493
False,piano,71,83,33.19730380952382,33.32542181944445
True,piano,66,72,33.19730380952382,33.32542181944445
False,piano,73,81,33.33335833333334,33.46147634325397
True,piano,68,77,33.33335833333334,33.46147634325397
False,piano,75,80,33.469412857142856,33.59753086706349
False,piano,70,76,33.469412857142856,33.59753086706349
True,piano,76,81,33.605467380952376,33.73358539087301
True,piano,71,75,33.605467380952376,33.73358539087301
False,piano,78,83,33.741521904761896,33.86963991468253
True,piano,73,74,33.741521904761896,33.86963991468253
False,piano,81,81,33.877576428571416,34.00569443849205
False,piano,75,75,33.877576428571416,34.00569443849205
False,piano,82,80,34.013630952380936,34.14174896230157
True,piano,76,76,34.013630952380936,34.14174896230157
True,piano,84,81,34.149685476190456,34.27780348611109
True,piano,78,77,34.149685476190456,34.27780348611109
True,piano,80,72,34.285739999999976,34.801613402777754
False,piano,80,81,34.285739999999976,34.801613402777754
False,piano,83,84,34.285739999999976,34.801613402777754
False,piano,80,69,34.82995809523807,34.96487883134918
False,piano,80,75,34.82995809523807,34.96487883134918
True,piano,80,81,34.82995809523807,34.96487883134918
False,piano,80,71,35.102067142857116,35.23698787896823
True,piano,80,75,35.102067142857116,35.23698787896823
False,piano,80,83,35.102067142857116,35.23698787896823
False,piano,80,72,35.37417619047616,35.509096926587276
True,piano,80,76,35.37417619047616,35.509096926587276
True,piano,80,81,35.37417619047616,35.509096926587276
False,piano,80,84,35.37417619047616,35.509096926587276
False,piano,80,71,35.64628523809521,35.78120597420632
False,piano,80,76,35.64628523809521,35.78120597420632
False,piano,80,81,35.64628523809521,35.78120597420632
True,piano,80,83,35.64628523809521,35.78120597420632
True,piano,80,69,35.91839428571426,36.05331502182537
False,piano,80,74,35.91839428571426,36.05331502182537
False,piano,80,77,35.91839428571426,36.05331502182537
True,piano,80,81,35.91839428571426,36.05331502182537
False,piano,80,68,36.190503333333304,36.325424069444416
False,piano,80,74,36.190503333333304,36.325424069444416
False,piano,80,77,36.190503333333304,36.325424069444416
False,piano,80,80,36.190503333333304,36.325424069444416
True,piano,80,69,36.46261238095235,36.59753311706346
False,piano,80,72,36.46261238095235,36.59753311706346
True,piano,80,76,36.46261238095235,36.59753311706346
False,piano,80,81,36.46261238095235,36.59753311706346
False,piano,80,64,36.7347214285714,36.86964216468251
False,piano,80,69,36.7347214285714,36.86964216468251
False,piano,80,72,36.7347214285714,36.86964216468251
False,piano,80,76,36.7347214285714,36.86964216468251
True,piano,86,65,37.006830476190444,37.14175121230156
False,piano,86,71,37.006830476190444,37.14175121230156
True,piano,86,74,37.006830476190444,37.14175121230156
False,piano,86,77,37.006830476190444,37.14175121230156
False,piano,86,62,37.27893952380949,37.413860259920604
False,piano,86,65,37.27893952380949,37.413860259920604
False,piano,86,71,37.27893952380949,37.413860259920604
True,piano,86,74,37.27893952380949,37.413860259920604
True,piano,112,60,37.55104857142854,37.93767017658727
False,piano,112,64,37.55104857142854,37.93767017658727
False,piano,112,69,37.55104857142854,37.93767017658727
False,piano,112,72,37.55104857142854,37.93767017658727
True,piano,112,59,37.95921214285711,38.087330152777746
True,piano,112,71,37.95921214285711,38.087330152777746
False,piano,112,59,38.09526666666663,38.48188827182536
True,piano,112,62,38.09526666666663,38.48188827182536
True,piano,112,68,38.09526666666663,38.48188827182536
True,piano,112,71,38.09526666666663,38.48188827182536
False,piano,112,57,38.503430238095206,38.63154824801584
False,piano,112,69,38.503430238095206,38.63154824801584
False,piano,112,57,38.639484761904725,38.91159380952377
False,piano,112,61,38.639484761904725,39.155358164682504
False,piano,112,64,38.639484761904725,39.155358164682504
True,piano,112,69,38.639484761904725,39.155358164682504
False,piano,112,69,39.18370285714282,39.31862359325393
False,piano,112,73,39.18370285714282,39.31862359325393
False,piano,112,81,39.18370285714282,39.31862359325393
True,piano,112,71,39.455811904761866,39.59073264087298
False,piano,112,74,39.455811904761866,39.59073264087298
False,piano,112,83,39.455811904761866,39.59073264087298
True,piano,112,73,39.72792095238091,40.24379435515869
False,piano,112,76,39.72792095238091,40.24379435515869
False,piano,112,79,39.72792095238091,40.24379435515869
False,piano,112,81,39.72792095238091,40.24379435515869
True,piano,112,85,39.72792095238091,40.24379435515869
False,piano,112,69,40.27213904761901,40.40705978373012
True,piano,112,73,40.27213904761901,40.40705978373012
True,piano,112,81,40.27213904761901,40.40705978373012
True,piano,112,71,40.54424809523805,40.679168831349166
True,piano,112,74,40.54424809523805,40.679168831349166
False,piano,112,83,40.54424809523805,40.679168831349166
True,piano,112,73,40.8163571428571,41.07372695039678
False,piano,112,76,40.8163571428571,41.07372695039678
True,piano,112,79,40.8163571428571,41.07372695039678
False,piano,112,81,40.8163571428571,41.07372695039678
False,piano,112,85,40.8163571428571,41.07372695039678
False,piano,112,71,41.08846619047615,41.34583599801583
False,piano,112,74,41.08846619047615,41.34583599801583
True,piano,112,83,41.08846619047615,41.34583599801583
True,piano,112,69,41.360575238095194,41.49549597420631
True,piano,112,73,41.360575238095194,41.49549597420631
False,piano,112,81,41.360575238095194,41.49549597420631
True,piano,112,68,41.63268428571424,41.767605021825354
False,piano,112,71,41.63268428571424,41.767605021825354
False,piano,112,80,41.63268428571424,41.767605021825354
True,piano,112,66,41.90479333333329,42.16216314087297
True,piano,112,69,41.90479333333329,42.16216314087297
False,piano,112,74,41.90479333333329,42.16216314087297
False,piano,112,78,41.90479333333329,42.16216314087297
False,piano,112,68,42.176902380952335,42.43427218849202
False,piano,112,80,42.176902380952335,42.43427218849202
True,piano,112,69,42.44901142857138,42.583932164682494
False,piano,112,72,42.44901142857138,42.583932164682494
False,piano,112,78,42.44901142857138,42.583932164682494
False,piano,112,81,42.44901142857138,42.583932164682494
True,piano,112,71,42.72112047619043,42.85604121230154
False,piano,112,83,42.72112047619043,42.85604121230154
True,piano,112,68,42.993229523809475,43.25059933134916
False,piano,112,71,42.993229523809475,43.25059933134916
True,piano,112,74,42.993229523809475,43.25059933134916
False,piano,112,76,42.993229523809475,43.25059933134916
False,piano,112,80,42.993229523809475,43.25059933134916
False,piano,112,64,43.26533857142852,43.522708378968204
False,piano,112,68,43.26533857142852,43.522708378968204
False,piano,112,76,43.26533857142852,43.522708378968204
True,piano,112,69,43.53744761904757,43.67236835515868
True,piano,112,73,43.53744761904757,43.67236835515868
True,piano,112,81,43.53744761904757,43.67236835515868
False,piano,112,71,43.809556666666616,43.94447740277773
True,piano,112,74,43.809556666666616,43.94447740277773
False,piano,112,83,43.809556666666616,43.94447740277773
False,piano,112,73,44.08166571428566,44.59753911706344
False,piano,112,76,44.08166571428566,44.59753911706344
True,piano,112,79,44.08166571428566,44.59753911706344
False,piano,112,81,44.08166571428566,44.59753911706344
False,piano,112,85,44.08166571428566,44.59753911706344
False,piano,112,69,44.625883809523756,44.76080454563487
False,piano,112,73,44.625883809523756,44.76080454563487
True,piano,112,81,44.625883809523756,44.76080454563487
True,piano,112,71,44.8979928571428,45.032913593253916
False,piano,112,74,44.8979928571428,45.032913593253916
False,piano,112,83,44.8979928571428,45.032913593253916
True,piano,112,73,45.17010190476185,45.42747171230153
False,piano,112,76,45.17010190476185,45.42747171230153
False,piano,112,79,45.17010190476185,45.42747171230153
False,piano,112,81,45.17010190476185,45.42747171230153
False,piano,112,85,45.17010190476185,45.42747171230153
False,piano,112,71,45.4422109523809,45.69958075992058
False,piano,112,74,45.4422109523809,45.69958075992058
True,piano,112,83,45.4422109523809,45.69958075992058
True,piano,112,69,45.714319999999944,45.84924073611106
False,piano,112,73,45.714319999999944,45.84924073611106
True,piano,112,81,45.714319999999944,45.84924073611106
False,piano,112,68,45.98642904761899,46.1213497837301
False,piano,112,71,45.98642904761899,46.1213497837301
True,piano,112,80,45.98642904761899,46.1213497837301
True,piano,112,66,46.25853809523804,46.51590790277772
True,piano,112,69,46.25853809523804,46.51590790277772
True,piano,112,74,46.25853809523804,46.51590790277772
False,piano,112,78,46.25853809523804,46.51590790277772
True,piano,112,71,46.530647142857084,46.788016950396766
False,piano,112,83,46.530647142857084,46.788016950396766
False,piano,112,68,46.80275619047613,46.937676926587244
False,piano,112,71,46.80275619047613,46.937676926587244
False,piano,112,74,46.80275619047613,46.937676926587244
True,piano,112,76,46.80275619047613,46.937676926587244
True,piano,112,80,46.80275619047613,46.937676926587244
False,piano,112,64,47.07486523809518,47.20978597420629
True,piano,112,76,47.07486523809518,47.20978597420629
False,piano,112,69,47.346974285714225,47.862847688492
False,piano,112,73,47.346974285714225,47.862847688492
True,piano,112,76,47.346974285714225,47.862847688492
False,piano,112,81,47.346974285714225,47.862847688492
True,piano,112,69,47.89119238095232,48.02611311706343
False,piano,112,73,47.89119238095232,48.02611311706343
False,piano,112,81,47.89119238095232,48.02611311706343
True,piano,112,71,48.163301428571366,48.29822216468248
True,piano,112,74,48.163301428571366,48.29822216468248
False,piano,112,83,48.163301428571366,48.29822216468248
False,piano,112,73,48.43541047619041,48.95128387896819
False,piano,112,76,48.43541047619041,48.95128387896819
False,piano,112,79,48.43541047619041,48.95128387896819
False,piano,112,81,48.43541047619041,48.95128387896819
True,piano,112,85,48.43541047619041,48.95128387896819
True,piano,112,61,48.70751952380946,48.96488933134914
False,piano,112,64,48.70751952380946,48.96488933134914
True,piano,112,69,48.979628571428506,49.11454930753962
False,piano,112,73,48.979628571428506,49.11454930753962
True,piano,112,81,48.979628571428506,49.11454930753962
True,piano,112,71,49.25173761904755,49.386658355158666
True,piano,112,74,49.25173761904755,49.386658355158666
False,piano,112,83,49.25173761904755,49.386658355158666
True,piano,112,73,49.5238466666666,49.78121647420628
True,piano,112,76,49.5238466666666,49.78121647420628
True,piano,112,79,49.5238466666666,49.78121647420628
True,piano,112,81,49.5238466666666,49.78121647420628
True,piano,112,85,49.5238466666666,49.78121647420628
True,piano,112,71,49.79595571428565,50.05332552182533
False,piano,112,74,49.79595571428565,50.05332552182533
False,piano,112,83,49.79595571428565,50.05332552182533
False,piano,112,69,50.068064761904694,50.202985498015806
False,piano,112,73,50.068064761904694,50.202985498015806
True,piano,112,81,50.068064761904694,50.202985498015806
True,piano,112,68,50.34017380952374,50.47509454563485
False,piano,112,71,50.34017380952374,50.47509454563485
False,piano,112,80,50.34017380952374,50.47509454563485
False,piano,112,66,50.61228285714279,50.86965266468247
False,piano,112,69,50.61228285714279,50.86965266468247
False,piano,112,74,50.61228285714279,50.86965266468247
False,piano,112,78,50.61228285714279,50.86965266468247
True,piano,112,68,50.884391904761834,51.141761712301516
True,piano,112,80,50.884391904761834,51.141761712301516
False,piano,112,69,51.15650095238088,51.291421688491994
False,piano,112,72,51.15650095238088,51.291421688491994
False,piano,112,78,51.15650095238088,51.291421688491994
True,piano,112,81,51.15650095238088,51.291421688491994
False,piano,112,71,51.42860999999993,51.56353073611104
True,piano,112,83,51.42860999999993,51.56353073611104
False,piano,112,68,51.700719047618975,51.95808885515866
True,piano,112,71,51.700719047618975,51.95808885515866
True,piano,112,74,51.700719047618975,51.95808885515866
False,piano,112,76,51.700719047618975,51.95808885515866
True,piano,112,80,51.700719047618975,51.95808885515866
True,piano,112,64,51.97282809523802,52.230197902777704
True,piano,112,68,51.97282809523802,52.230197902777704
True,piano,112,76,51.97282809523802,52.230197902777704
True,piano,112,69,52.24493714285707,52.37985787896818
False,piano,112,73,52.24493714285707,52.37985787896818
False,piano,112,81,52.24493714285707,52.37985787896818
True,piano,112,71,52.517046190476115,52.65196692658723
False,piano,112,74,52.517046190476115,52.65196692658723
True,piano,112,83,52.517046190476115,52.65196692658723
False,piano,112,73,52.78915523809516,53.30502864087294
False,piano,112,76,52.78915523809516,53.30502864087294
False,piano,112,79,52.78915523809516,53.30502864087294
False,piano,112,81,52.78915523809516,53.30502864087294
True,piano,112,85,52.78915523809516,53.30502864087294
True,piano,112,61,53.06126428571421,53.31863409325389
False,piano,112,64,53.06126428571421,53.31863409325389
False,piano,112,69,53.333373333333256,53.46829406944437
False,piano,112,73,53.333373333333256,53.46829406944437
False,piano,112,81,53.333373333333256,53.46829406944437
False,piano,112,71,53.6054823809523,53.740403117063416
True,piano,112,74,53.6054823809523,53.740403117063416
True,piano,112,83,53.6054823809523,53.740403117063416
False,piano,112,73,53.87759142857135,54.13496123611103
True,piano,112,76,53.87759142857135,54.13496123611103
True,piano,112,79,53.87759142857135,54.13496123611103
False,piano,112,81,53.87759142857135,54.13496123611103
True,piano,112,85,53.87759142857135,54.13496123611103
False,piano,112,71,54.1497004761904,54.40707028373008
False,piano,112,74,54.1497004761904,54.40707028373008
False,piano,112,83,54.1497004761904,54.40707028373008
False,piano,112,69,54.42180952380944,54.556730259920556
True,piano,112,73,54.42180952380944,54.556730259920556
True,piano,112,81,54.42180952380944,54.556730259920556
True,piano,108,68,54.69391857142849,54.8288393075396
False,piano,108,71,54.69391857142849,54.8288393075396
False,piano,108,80,54.69391857142849,54.8288393075396
False,piano,104,66,54.96602761904754,55.22339742658722
True,piano,104,69,54.96602761904754,55.22339742658722
True,piano,104,74,54.96602761904754,55.22339742658722
True,piano,104,78,54.96602761904754,55.22339742658722
False,piano,100,71,55.238136666666584,55.495506474206266
False,piano,100,83,55.238136666666584,55.495506474206266
True,piano,96,68,55.51024571428563,55.645166450396744
False,piano,96,71,55.51024571428563,55.645166450396744
True,piano,96,74,55.51024571428563,55.645166450396744
False,piano,96,76,55.51024571428563,55.645166450396744
False,piano,96,80,55.51024571428563,55.645166450396744
False,piano,92,64,55.78235476190468,55.91727549801579
False,piano,92,76,55.78235476190468,55.91727549801579
False,piano,88,69,56.054463809523725,56.5703372123015
False,piano,88,73,56.054463809523725,56.5703372123015
True,piano,88,76,56.054463809523725,56.5703372123015
True,piano,88,81,56.054463809523725,56.5703372123015
False,piano,64,97,56.59868190476182,56.72679991468245
True,piano,64,98,56.73473642857134,56.86285443849197
False,piano,81,85,56.59868190476182,56.86965716468245
True,piano,64,97,56.870790952380865,56.9989089623015
False,piano,64,95,57.006845476190385,57.13496348611102
True,piano,64,93,57.142899999999905,57.27101800992054
False,piano,64,95,57.278954523809425,57.40707253373006
False,piano,81,88,57.142899999999905,57.41387525992054
True,piano,64,93,57.41500904761895,57.543127057539586
False,piano,64,92,57.55106357142847,57.679181581349106
False,piano,64,90,57.68711809523799,57.815236105158625
True,piano,64,93,57.82317261904751,57.951290628968145
False,piano,81,86,57.68711809523799,57.958093355158624
True,piano,64,92,57.95922714285704,58.08734515277767
False,piano,64,90,58.09528166666656,58.22339967658719
True,piano,64,89,58.23133619047608,58.35945420039671
False,piano,64,90,58.3673907142856,58.49550872420623
True,piano,81,85,58.23133619047608,58.50231145039671
True,piano,64,92,58.503445238095125,58.63156324801576
False,piano,64,89,58.639499761904645,58.76761777182528
True,piano,64,85,58.775554285714165,58.9036722956348
False,piano,64,87,58.911608809523685,59.03972681944432
True,piano,81,83,58.775554285714165,59.0465295456348
True,piano,64,89,59.04766333333321,59.175781343253846
False,piano,64,85,59.18371785714273,59.311835867063365
True,piano,64,90,59.31977238095225,59.447890390872885
False,piano,64,89,59.45582690476177,59.583944914682405
False,piano,81,81,59.31977238095225,59.590747640872884
True,piano,64,90,59.5918814285713,59.71999943849193
True,piano,64,92,59.72793595238082,59.85605396230145
False,piano,64,93,59.86399047619034,59.99210848611097
False,piano,64,92,60.00004499999986,60.12816300992049
True,piano,81,85,59.86399047619034,60.13496573611097
False,piano,64,93,60.136099523809385,60.26421753373002
False,piano,64,95,60.272154047618905,60.40027205753954
False,piano,64,97,60.408208571428425,60.53632658134906
True,piano,64,96,60.544263095237945,60.67238110515858
True,piano,81,89,60.408208571428425,60.67918383134906
False,piano,64,97,60.68031761904747,60.808435628968105
True,piano,84,73,60.81637214285699,60.860589863095086
False,piano,84,80,60.8617236507935,60.905941371031595
False,piano,84,84,60.90707515873001,60.94902530357128
False,piano,64,96,60.81637214285699,60.95129287896811
True,piano,88,85,60.952426666666526,61.01932014087288
False,piano,64,97,60.952426666666526,61.08054467658717
False,piano,64,98,61.08848119047605,61.216599200396686
False,piano,64,97,61.22453571428557,61.352653724206206
False,piano,64,95,61.36059023809509,61.488708248015726
False,piano,64,93,61.49664476190461,61.624762771825246
True,piano,74,86,61.49664476190461,61.754014569444294
True,piano,64,95,61.63269928571413,61.76081729563477
False,piano,64,93,61.76875380952366,61.89687181944429
False,piano,64,92,61.90480833333318,62.03292634325381
True,piano,64,90,62.0408628571427,62.16898086706333
False,piano,74,84,62.0408628571427,62.29823266468238
False,piano,64,93,62.17691738095222,62.30503539087286
False,piano,64,92,62.312971904761746,62.44108991468238
False,piano,64,90,62.449026428571266,62.5771444384919
False,piano,64,88,62.585080952380785,62.71319896230142
False,piano,74,85,62.585080952380785,62.84245075992047
False,piano,64,90,62.721135476190305,62.849253486110946
True,piano,64,92,62.85718999999983,62.985308009920466
True,piano,64,88,62.99324452380935,63.121362533729986
True,piano,64,85,63.12929904761887,63.257417057539506
False,piano,74,80,63.12929904761887,63.386668855158554
False,piano,64,87,63.26535357142839,63.39347158134903
False,piano,64,88,63.40140809523792,63.52952610515855
True,piano,64,85,63.53746261904744,63.66558062896807
True,piano,64,87,63.67351714285696,63.80163515277759
True,piano,74,81,63.67351714285696,63.93088695039664
False,piano,64,88,63.80957166666648,63.93768967658712
False,piano,64,90,63.945626190476005,64.07374420039665
False,piano,64,87,64.08168071428554,64.20979872420618
False,piano,64,84,64.21773523809507,64.34585324801571
False,piano,74,80,64.21773523809507,64.47510504563476
False,piano,64,85,64.35378976190461,64.48190777182523
True,piano,64,87,64.48984428571413,64.61796229563477
True,piano,64,84,64.62589880952366,64.7540168194443
False,piano,64,85,64.7619533333332,65.01932314087288
False,piano,69,76,64.7619533333332,65.01932314087288
True,piano,64,97,65.3061714285713,65.43428943849194
False,piano,74,85,65.3061714285713,65.56354123611099
False,piano,64,98,65.44222595238084,65.57034396230146
False,piano,64,97,65.57828047619036,65.706398486111
False,piano,64,95,65.71433499999989,65.84245300992053
False,piano,64,93,65.85038952380943,65.97850753373007
False,piano,74,88,65.85038952380943,66.10775933134911
True,piano,64,95,65.98644404761896,66.11456205753959
False,piano,64,93,66.12249857142848,66.25061658134912
False,piano,64,92,66.25855309523801,66.38667110515865
False,piano,64,90,66.39460761904755,66.52272562896819
False,piano,74,86,66.39460761904755,66.65197742658724
True,piano,64,93,66.53066214285708,66.65878015277771
False,piano,64,92,66.6667166666666,66.79483467658724
False,piano,64,90,66.80277119047614,66.93088920039678
True,piano,64,89,66.93882571428567,67.06694372420631
False,piano,74,85,66.93882571428567,67.19619552182536
True,piano,64,90,67.0748802380952,67.20299824801583
False,piano,64,92,67.21093476190472,67.33905277182537
False,piano,64,89,67.34698928571426,67.4751072956349
True,piano,64,85,67.48304380952379,67.61116181944443
True,piano,74,83,67.48304380952379,67.74041361706348
False,piano,64,87,67.61909833333333,67.74721634325395
False,piano,64,89,67.75515285714285,67.88327086706349
False,piano,64,85,67.89120738095238,68.01932539087302
True,piano,64,90,68.02726190476191,68.15537991468256
False,piano,74,81,68.02726190476191,68.2846317123016
True,piano,64,89,68.16331642857145,68.29143443849208
False,piano,64,90,68.29937095238097,68.42748896230161
True,piano,64,92,68.4354254761905,68.56354348611114
False,piano,64,93,68.57148000000004,68.69959800992068
False,piano,74,85,68.57148000000004,68.82884980753973
True,piano,64,92,68.70753452380957,68.8356525337302
False,piano,64,93,68.84358904761909,68.97170705753973
False,piano,64,95,68.97964357142862,69.10776158134927
True,piano,64,97,69.11569809523816,69.2438161051588
True,piano,74,89,69.11569809523816,69.37306790277785
True,piano,64,96,69.25175261904769,69.37987062896832
True,piano,64,97,69.38780714285721,69.51592515277785
True,piano,64,96,69.52386166666675,69.65197967658739
False,piano,64,97,69.65991619047628,69.78803420039692
True,piano,74,85,69.65991619047628,69.91728599801597
False,piano,64,98,69.79597071428582,69.92408872420644
True,piano,64,97,69.93202523809533,70.06014324801598
False,piano,64,95,70.06807976190487,70.19619777182551
False,piano,64,93,70.2041342857144,70.33225229563504
True,piano,74,86,70.2041342857144,70.46150409325409
True,piano,64,95,70.34018880952394,70.46830681944456
False,piano,64,93,70.47624333333346,70.6043613432541
True,piano,64,92,70.61229785714299,70.74041586706363
True,piano,64,90,70.74835238095253,70.87647039087317
True,piano,74,84,70.74835238095253,71.00572218849221
True,piano,64,93,70.88440690476206,71.01252491468269
False,piano,64,92,71.02046142857158,71.14857943849222
True,piano,64,90,71.15651595238111,71.28463396230175
False,piano,64,88,71.29257047619065,71.42068848611129
True,piano,74,85,71.29257047619065,71.54994028373034
False,piano,64,90,71.42862500000018,71.55674300992081
True,piano,64,92,71.5646795238097,71.69279753373034
True,piano,64,88,71.70073404761924,71.82885205753988
True,piano,64,85,71.83678857142877,71.96490658134941
False,piano,74,80,71.83678857142877,72.09415837896846
False,piano,64,87,71.9728430952383,72.10096110515893
False,piano,64,88,72.10889761904782,72.23701562896846
False,piano,64,85,72.24495214285736,72.373070152778
False,piano,64,87,72.38100666666689,72.50912467658753
False,piano,74,81,72.38100666666689,72.63837647420658
False,piano,64,88,72.51706119047643,72.64517920039705
False,piano,64,90,72.65311571428595,72.78123372420659
False,piano,64,87,72.78917023809548,72.91728824801612
True,piano,64,84,72.92522476190501,73.05334277182565
True,piano,74,80,72.92522476190501,73.1825945694447
False,piano,64,85,73.06127928571455,73.18939729563517
True,piano,64,87,73.19733380952407,73.32545181944471
True,piano,64,84,73.3333883333336,73.46150634325424
False,piano,64,85,73.46944285714314,73.72681266468283
True,piano,69,76,73.46944285714314,73.72681266468283
True,piano,64,85,74.01366095238124,74.14177896230188
False,piano,64,88,74.01366095238124,74.14177896230188
False,piano,64,83,74.14971547619078,74.27783348611142
False,piano,64,86,74.14971547619078,74.27783348611142
True,piano,64,81,74.28577000000031,74.41388800992095
True,piano,64,85,74.28577000000031,74.41388800992095
True,piano,64,80,74.42182452380985,74.54994253373049
False,piano,64,83,74.42182452380985,74.54994253373049
True,piano,64,76,74.55787904761938,74.68599705754002
True,piano,64,81,74.55787904761938,74.68599705754002
True,piano,64,80,74.69393357142891,74.82205158134956
True,piano,64,83,74.69393357142891,74.82205158134956
False,piano,64,81,74.82998809523845,74.95810610515909
True,piano,64,85,74.82998809523845,74.95810610515909
False,piano,64,83,74.96604261904798,75.09416062896862
True,piano,64,86,74.96604261904798,75.09416062896862
False,piano,64,85,75.10209714285752,75.23021515277816
False,piano,64,88,75.10209714285752,75.23021515277816
True,piano,64,86,75.23815166666705,75.36626967658769
True,piano,64,90,75.23815166666705,75.36626967658769
True,piano,64,88,75.37420619047658,75.50232420039723
True,piano,64,92,75.37420619047658,75.50232420039723
False,piano,64,90,75.51026071428612,75.63837872420676
False,piano,64,93,75.51026071428612,75.63837872420676
True,piano,64,90,75.64631523809565,75.7744332480163
False,piano,64,93,75.64631523809565,75.7744332480163
True,piano,64,88,75.78236976190519,75.91048777182583
True,piano,64,92,75.78236976190519,75.91048777182583
True,piano,64,86,75.91842428571472,76.04654229563536
False,piano,64,90,75.91842428571472,76.04654229563536
False,piano,64,85,76.05447880952426,76.1825968194449
True,piano,64,88,76.05447880952426,76.1825968194449
False,piano,64,85,76.19053333333379,76.31865134325443
True,piano,64,88,76.19053333333379,76.31865134325443
True,piano,64,83,76.32658785714332,76.45470586706396
True,piano,64,86,76.32658785714332,76.45470586706396
False,piano,64,81,76.46264238095286,76.5907603908735
True,piano,64,85,76.46264238095286,76.5907603908735
True,piano,64,80,76.59869690476239,76.72681491468303
True,piano,64,83,76.59869690476239,76.72681491468303
False,piano,64,76,76.73475142857193,76.86286943849257
False,piano,64,81,76.73475142857193,76.86286943849257
False,piano,64,80,76.87080595238146,76.9989239623021
True,piano,64,83,76.87080595238146,76.9989239623021
True,piano,64,81,77.006860476191,77.13497848611163
True,piano,64,85,77.006860476191,77.13497848611163
False,piano,64,83,77.14291500000053,77.27103300992117
False,piano,64,86,77.14291500000053,77.27103300992117
False,piano,64,85,77.27896952381006,77.4070875337307
False,piano,64,88,77.27896952381006,77.4070875337307
False,piano,64,86,77.4150240476196,77.54314205754024
False,piano,64,90,77.4150240476196,77.54314205754024
False,piano,64,88,77.55107857142913,77.67919658134977
False,piano,64,92,77.55107857142913,77.67919658134977
False,piano,64,90,77.68713309523866,77.8152511051593
False,piano,64,93,77.68713309523866,77.8152511051593
False,piano,64,91,77.8231876190482,78.09416287896883
True,piano,64,94,77.8231876190482,78.09416287896883
False,piano,64,92,78.09529666666724,78.23021740277835
False,piano,64,95,78.09529666666724,78.23021740277835
True,piano,64,97,78.36740571428629,78.43429918849264
False,piano,64,100,78.36740571428629,78.43429918849264
False,piano,65,95,78.50346023809583,78.57035371230218
False,piano,65,98,78.50346023809583,78.57035371230218
True,piano,66,93,78.63951476190536,78.70640823611171
False,piano,66,97,78.63951476190536,78.70640823611171
False,piano,68,92,78.7755692857149,78.84246275992125
False,piano,68,95,78.7755692857149,78.84246275992125
True,piano,69,88,78.91162380952443,78.97851728373078
False,piano,69,93,78.91162380952443,78.97851728373078
True,piano,70,92,79.04767833333396,79.11457180754032
False,piano,70,95,79.04767833333396,79.11457180754032
True,piano,72,93,79.1837328571435,79.25062633134985
True,piano,72,97,79.1837328571435,79.25062633134985
False,piano,73,95,79.31978738095303,79.38668085515938
False,piano,73,98,79.31978738095303,79.38668085515938
True,piano,74,97,79.45584190476256,79.52273537896892
True,piano,74,100,79.45584190476256,79.52273537896892
True,piano,76,98,79.5918964285721,79.65878990277845
False,piano,76,102,79.5918964285721,79.65878990277845
False,piano,77,100,79.72795095238163,79.79484442658799
True,piano,77,104,79.72795095238163,79.79484442658799
False,piano,78,102,79.86400547619117,79.93089895039752
False,piano,78,105,79.86400547619117,79.93089895039752
True,piano,80,102,80.0000600000007,80.06695347420705
True,piano,80,105,80.0000600000007,80.06695347420705
False,piano,78,100,80.13611452381024,80.20300799801659
True,piano,78,104,80.13611452381024,80.20300799801659
False,piano,76,98,80.27216904761977,80.33906252182612
False,piano,76,102,80.27216904761977,80.33906252182612
True,piano,74,97,80.4082235714293,80.47511704563566
False,piano,74,100,80.4082235714293,80.47511704563566
True,piano,72,97,80.54427809523884,80.61117156944519
True,piano,72,100,80.54427809523884,80.61117156944519
False,piano,70,95,80.68033261904837,80.74722609325472
False,piano,70,98,80.68033261904837,80.74722609325472
True,piano,68,93,80.8163871428579,80.88328061706426
True,piano,68,97,80.8163871428579,80.88328061706426
False,piano,66,95,80.95244166666744,81.01933514087379
False,piano,66,98,80.95244166666744,81.01933514087379
False,piano,64,97,81.08849619047697,81.15538966468333
False,piano,64,100,81.08849619047697,81.15538966468333
False,piano,64,88,81.22455071428651,81.29144418849286
False,piano,64,92,81.36060523809604,81.4274987123024
False,piano,64,100,81.36060523809604,81.4274987123024
False,piano,64,91,81.49665976190558,81.56355323611193
False,piano,64,99,81.49665976190558,81.56355323611193
True,piano,64,90,81.63271428571511,81.69960775992146
True,piano,64,98,81.63271428571511,81.69960775992146
True,piano,64,88,81.76876880952464,81.835662283731
False,piano,64,97,81.76876880952464,81.835662283731
True,piano,64,87,81.90482333333418,81.97171680754053
True,piano,64,95,81.90482333333418,81.97171680754053
True,piano,64,86,82.04087785714371,82.10777133135007
True,piano,64,94,82.04087785714371,82.10777133135007
True,piano,64,85,82.17693238095325,82.31185311706436
True,piano,64,93,82.17693238095325,82.31185311706436
True,piano,64,73,82.72115047619134,82.84926848611198
False,piano,64,74,82.85720500000087,82.98532300992152
False,piano,64,73,82.99325952381041,83.12137753373105
False,piano,64,71,83.12931404761994,83.25743205754058
True,piano,64,69,83.26536857142948,83.39348658135012
True,piano,64,71,83.40142309523901,83.52954110515965
True,piano,64,69,83.53747761904854,83.66559562896919
True,piano,64,68,83.67353214285808,83.80165015277872
False,piano,64,66,83.80958666666761,83.93770467658825
True,piano,64,69,83.94564119047715,84.07375920039779
False,piano,64,68,84.08169571428668,84.20981372420732
False,piano,69,74,84.08169571428668,84.2166164503978
False,piano,64,66,84.2177502380962,84.34586824801684
True,piano,64,65,84.35380476190574,84.48192277182638
False,piano,69,73,84.35380476190574,84.61117456944542
False,piano,64,66,84.48985928571527,84.6179772956359
False,piano,64,68,84.62591380952479,84.75403181944543
True,piano,64,65,84.76196833333432,84.89008634325496
False,piano,64,61,84.89802285714386,85.0261408670645
False,piano,64,63,85.03407738095339,85.16219539087403
False,piano,64,65,85.17013190476293,85.29824991468357
False,piano,64,61,85.30618642857246,85.4343044384931
True,piano,64,66,85.442240952382,85.57035896230263
True,piano,64,65,85.57829547619153,85.70641348611217
True,piano,64,66,85.71435000000106,85.8424680099217
True,piano,64,68,85.8504045238106,85.97852253373124
False,piano,64,69,85.98645904762013,86.11457705754077
True,piano,64,68,86.12251357142966,86.2506315813503
True,piano,64,69,86.2585680952392,86.38668610515984
False,piano,74,77,86.2585680952392,86.39348883135031
False,piano,64,71,86.39462261904872,86.52274062896936
False,piano,64,73,86.53067714285825,86.6587951527789
True,piano,74,76,86.53067714285825,86.78804695039794
True,piano,64,72,86.66673166666779,86.79484967658841
True,piano,64,73,86.8027861904773,86.93090420039795
True,piano,64,72,86.93884071428684,87.06695872420748
False,piano,64,73,87.07489523809637,87.20301324801702
False,piano,64,71,87.21094976190591,87.33906777182655
False,piano,64,73,87.34700428571544,87.47512229563608
False,piano,64,70,87.48305880952498,87.61117681944562
True,piano,64,74,87.61911333333451,87.74723134325515
True,piano,64,73,87.75516785714404,87.88328586706469
True,piano,64,74,87.89122238095358,88.01934039087422
False,piano,64,73,88.02727690476311,88.15539491468375
False,piano,64,74,88.16333142857265,88.29144943849329
True,piano,64,73,88.29938595238218,88.42750396230282
False,piano,64,74,88.43544047619172,88.56355848611236
True,piano,64,73,88.57149500000125,88.69961300992189
False,piano,79,81,88.16333142857265,88.70641573611236
False,piano,64,74,88.70754952381077,88.83566753373141
False,piano,64,73,88.8436040476203,88.97172205754094
True,piano,64,71,88.97965857142984,89.10777658135048
True,piano,64,69,89.11571309523937,89.24383110516001
False,piano,79,80,88.70754952381077,89.25063383135048
False,piano,64,68,89.25176761904889,89.37988562896953
True,piano,64,69,89.38782214285843,89.51594015277907
False,piano,63,71,89.52387666666796,89.6519946765886
True,piano,62,68,89.6599311904775,89.78804920039813
False,piano,79,77,89.25176761904889,89.7948519265886
False,piano,62,69,89.79598571428701,89.92410372420765
False,piano,61,71,89.93204023809655,90.06015824801719
False,piano,60,72,90.06809476190608,90.19621277182672
False,piano,60,66,90.20414928571562,90.33226729563626
False,piano,76,78,89.79598571428701,90.33907002182673
True,piano,59,65,90.34020380952514,90.46832181944578
True,piano,58,66,90.47625833333467,90.60437634325531
False,piano,58,68,90.6123128571442,90.74043086706484
False,piano,57,65,90.74836738095374,90.87648539087438
True,piano,73,73,90.34020380952514,90.88328811706485
True,piano,86,66,90.88442190476326,91.3073247162712
True,piano,112,69,91.42864000000135,91.5227443789696
True,piano,112,81,91.42864000000135,91.5227443789696
False,piano,112,71,91.7007490476204,91.83566978373152
False,piano,112,83,91.7007490476204,91.83566978373152
True,piano,112,73,91.97285809523946,92.48873149801723
False,piano,112,76,91.97285809523946,92.48873149801723
False,piano,112,79,91.97285809523946,92.48873149801723
True,piano,112,81,91.97285809523946,92.48873149801723
True,piano,112,85,91.97285809523946,92.48873149801723
True,piano,112,69,92.51707619047755,92.65199692658867
True,piano,112,73,92.51707619047755,92.65199692658867
False,piano,112,81,92.51707619047755,92.65199692658867
True,piano,112,71,92.78918523809661,92.92410597420772
True,piano,112,83,92.78918523809661,92.92410597420772
True,piano,112,73,93.06129428571566,93.31866409325535
True,piano,112,78,93.06129428571566,93.31866409325535
False,piano,112,81,93.06129428571566,93.31866409325535
False,piano,112,85,93.06129428571566,93.31866409325535
True,piano,112,71,93.33340333333472,93.5907731408744
False,piano,112,83,93.33340333333472,93.5907731408744
False,piano,112,69,93.60551238095377,93.74043311706488
True,piano,112,73,93.60551238095377,93.74043311706488
False,piano,112,81,93.60551238095377,93.74043311706488
True,piano,112,68,93.87762142857282,94.01254216468394
False,piano,112,80,93.87762142857282,94.01254216468394
False,piano,112,66,94.14973047619188,94.40710028373157
True,piano,112,69,94.14973047619188,94.40710028373157
True,piano,112,74,94.14973047619188,94.40710028373157
True,piano,112,78,94.14973047619188,94.40710028373157
False,piano,112,68,94.42183952381093,94.67920933135062
False,piano,112,80,94.42183952381093,94.67920933135062
False,piano,112,69,94.69394857142998,94.8288693075411
False,piano,112,72,94.69394857142998,94.8288693075411
True,piano,112,81,94.69394857142998,94.8288693075411
True,piano,112,71,94.96605761904904,95.10097835516015
False,piano,112,83,94.96605761904904,95.10097835516015
True,piano,112,68,95.23816666666809,95.49553647420778
False,piano,112,73,95.23816666666809,95.49553647420778
False,piano,112,77,95.23816666666809,95.49553647420778
False,piano,112,80,95.23816666666809,95.49553647420778
True,piano,112,65,95.51027571428715,95.76764552182684
False,piano,112,77,95.51027571428715,95.76764552182684
True,piano,112,69,95.7823847619062,95.91730549801731
True,piano,112,73,95.7823847619062,95.91730549801731
True,piano,112,81,95.7823847619062,95.91730549801731
False,piano,112,71,96.05449380952525,96.18941454563637
False,piano,112,83,96.05449380952525,96.18941454563637
False,piano,112,73,96.32660285714431,96.84247625992208
True,piano,112,77,96.32660285714431,96.84247625992208
False,piano,112,80,96.32660285714431,96.84247625992208
False,piano,112,85,96.32660285714431,96.84247625992208
False,piano,112,69,96.8708209523824,97.00574168849352
True,piano,112,73,96.8708209523824,97.00574168849352
False,piano,112,81,96.8708209523824,97.00574168849352
True,piano,112,71,97.14293000000146,97.27785073611257
False,piano,112,83,97.14293000000146,97.27785073611257
True,piano,112,73,97.41503904762051,97.6724088551602
False,piano,112,78,97.41503904762051,97.6724088551602
False,piano,112,81,97.41503904762051,97.6724088551602
False,piano,112,85,97.41503904762051,97.6724088551602
False,piano,112,71,97.68714809523956,97.94451790277925
True,piano,112,83,97.68714809523956,97.94451790277925
False,piano,112,69,97.95925714285862,98.09417787896973
True,piano,112,73,97.95925714285862,98.09417787896973
False,piano,112,81,97.95925714285862,98.09417787896973
False,piano,112,68,98.23136619047767,98.36628692658878
True,piano,112,80,98.23136619047767,98.36628692658878
True,piano,112,66,98.50347523809673,98.63839597420784
True,piano,112,69,98.50347523809673,98.63839597420784
False,piano,112,72,98.50347523809673,98.63839597420784
True,piano,112,78,98.50347523809673,98.63839597420784
False,piano,112,71,98.77558428571578,98.91050502182689
True,piano,112,83,98.77558428571578,98.91050502182689
False,piano,112,68,99.04769333333483,99.18261406944595
False,piano,112,71,99.04769333333483,99.18261406944595
True,piano,112,74,99.04769333333483,99.18261406944595
True,piano,112,76,99.04769333333483,99.18261406944595
False,piano,112,80,99.04769333333483,99.18261406944595
False,piano,112,64,99.31980238095389,99.454723117065
False,piano,112,76,99.31980238095389,99.454723117065
False,piano,112,69,99.59191142857294,100.10778483135071
False,piano,112,73,99.59191142857294,100.10778483135071
True,piano,112,76,99.59191142857294,100.10778483135071
True,piano,112,81,99.59191142857294,100.10778483135071
True,piano,72,77,100.13612952381104,100.22116360119199
False,piano,72,78,100.22683253968405,100.31186661706501
False,piano,72,83,100.31753555555707,100.40256963293803
True,piano,72,81,100.40823857143009,100.49327264881104
True,piano,72,84,100.49894158730311,100.58397566468406
True,piano,72,85,100.58964460317613,100.67467868055708
False,piano,72,90,100.68034761904914,100.7653816964301
False,piano,73,88,100.77105063492216,100.85608471230312
True,piano,74,89,100.86175365079518,100.94678772817613
True,piano,76,90,100.9524566666682,101.03749074404915
True,piano,77,95,101.04315968254122,101.12819375992217
False,piano,78,93,101.13386269841423,101.21889677579519
False,piano,80,96,101.22456571428725,101.3095997916682
True,piano,81,97,101.31526873016027,101.40030280754122
True,piano,82,102,101.40597174603329,101.49100582341424
True,piano,84,100,101.4966747619063,101.58170883928726
False,piano,85,101,101.58737777777932,101.67241185516028
True,piano,86,102,101.67808079365234,101.7631148710333
False,piano,88,107,101.76878380952536,101.85381788690631
True,piano,87,105,101.85948682539838,101.94452090277933
True,piano,86,96,101.9501898412714,102.03522391865235
True,piano,84,97,102.04089285714441,102.12592693452537
False,piano,83,102,102.13159587301743,102.21662995039839
False,piano,82,100,102.22229888889045,102.3073329662714
True,piano,80,93,102.31300190476347,102.39803598214442
True,piano,79,94,102.40370492063649,102.48873899801744
False,piano,78,97,102.4944079365095,102.57944201389046
True,piano,76,95,102.58511095238252,102.67014502976348
True,piano,75,88,102.67581396825554,102.7608480456365
True,piano,74,89,102.76651698412856,102.85155106150951
True,piano,72,92,102.85722000000158,102.94225407738253
False,piano,72,90,102.9479230158746,103.03295709325555
False,piano,72,84,103.03862603174761,103.12366010912856
True,piano,72,85,103.12932904762063,103.21436312500158
True,piano,72,88,103.22003206349365,103.3050661408746
True,piano,72,86,103.31073507936667,103.39576915674762
False,piano,72,81,103.40143809523968,103.48647217262064
True,piano,72,82,103.4921411111127,103.57717518849365
False,piano,72,85,103.58284412698572,103.66787820436667
True,piano,72,83,103.67354714285874,103.75858122023969
True,piano,72,76,103.76425015873176,103.84928423611271
False,piano,72,77,103.85495317460477,103.93998725198573
True,piano,72,80,103.94565619047779,104.03069026785874
True,piano,72,78,104.03635920635081,104.12139328373176
True,piano,72,72,104.12706222222383,104.21209629960478
False,piano,72,73,104.21776523809685,104.3027993154778
True,piano,72,76,104.30846825396986,104.39350233135082
True,piano,72,74,104.39917126984288,104.48420534722383
False,piano,72,77,104.4898742857159,104.57490836309685
False,piano,72,78,104.58057730158892,104.66561137896987
True,piano,72,83,104.67128031746194,104.75631439484289
True,piano,72,81,104.76198333333495,104.8470174107159
True,piano,72,84,104.85268634920797,104.93772042658892
True,piano,72,85,104.94338936508099,105.02842344246194
True,piano,72,90,105.03409238095401,105.11912645833496
True,piano,73,88,105.12479539682703,105.20982947420798
False,piano,74,89,105.21549841270004,105.300532490081
False,piano,76,90,105.30620142857306,105.39123550595401
True,piano,77,95,105.39690444444608,105.48193852182703
True,piano,78,93,105.4876074603191,105.57264153770005
False,piano,80,96,105.57831047619212,105.66334455357307
True,piano,81,97,105.66901349206513,105.75404756944609
False,piano,82,102,105.75971650793815,105.8447505853191
True,piano,84,100,105.85041952381117,105.93545360119212
True,piano,85,101,105.94112253968419,106.02615661706514
False,piano,86,102,106.0318255555572,106.11685963293816
True,piano,88,107,106.12252857143022,106.20756264881118
False,piano,87,105,106.21323158730324,106.2982656646842
True,piano,86,96,106.30393460317626,106.38896868055721
True,piano,84,97,106.39463761904928,106.47967169643023
False,piano,83,102,106.4853406349223,106.57037471230325
False,piano,82,100,106.57604365079531,106.66107772817627
True,piano,80,93,106.66674666666833,106.75178074404928
True,piano,79,94,106.75744968254135,106.8424837599223
True,piano,78,97,106.84815269841437,106.93318677579532
False,piano,76,95,106.93885571428739,107.02388979166834
True,piano,75,88,107.0295587301604,107.11459280754136
False,piano,74,89,107.12026174603342,107.20529582341437
False,piano,72,92,107.21096476190644,107.29599883928739
True,piano,72,90,107.30166777777946,107.38670185516041
True,piano,72,84,107.39237079365247,107.47740487103343
False,piano,72,85,107.4830738095255,107.56810788690645
False,piano,72,88,107.57377682539851,107.65881090277946
True,piano,72,86,107.66447984127153,107.74951391865248
False,piano,72,81,107.75518285714455,107.8402169345255
True,piano,72,82,107.84588587301756,107.93091995039852
False,piano,72,85,107.93658888889058,108.02162296627154
True,piano,72,83,108.0272919047636,108.11232598214455
True,piano,72,76,108.11799492063662,108.20302899801757
False,piano,72,80,108.20869793650964,108.29373201389059
False,piano,72,81,108.29940095238265,108.81527435516043
True,piano,72,83,108.84361904762075,108.9286531250017
False,piano,72,81,108.93432206349377,109.01935614087472
False,piano,72,80,109.02502507936678,109.11005915674774
True,piano,72,81,109.1157280952398,109.20076217262076
True,piano,72,93,109.20643111111282,109.29146518849377
False,piano,72,81,109.29713412698584,109.38216820436679
False,piano,72,83,109.38783714285886,109.47287122023981
False,piano,72,84,109.47854015873187,109.56357423611283
False,piano,72,84,109.56924317460489,109.65427725198585
True,piano,72,92,109.65994619047791,109.74498026785886
False,piano,72,96,109.65994619047791,109.74498026785886
False,piano,72,93,109.75064920635093,109.83568328373188
False,piano,72,84,109.84135222222395,109.9263862996049
False,piano,72,86,109.93205523809696,110.01708931547792
True,piano,72,84,110.02275825396998,110.10779233135094
False,piano,72,83,110.113461269843,110.19849534722395
True,piano,72,84,110.20416428571602,110.28919836309697
False,piano,72,96,110.29486730158904,110.37990137896999
False,piano,72,84,110.38557031746205,110.47060439484301
False,piano,72,87,110.47627333333507,110.56130741071603
False,piano,72,88,110.56697634920809,110.65201042658904
False,piano,72,88,110.65767936508111,110.74271344246206
False,piano,72,95,110.74838238095413,110.83341645833508
False,piano,72,100,110.74838238095413,110.83341645833508
True,piano,72,96,110.83908539682714,110.9241194742081
True,piano,72,88,110.92978841270016,111.01482249008112
True,piano,72,89,111.02049142857318,111.10552550595413
False,piano,72,88,111.1111944444462,111.19622852182715
False,piano,72,87,111.20189746031922,111.28693153770017
True,piano,72,88,111.29260047619223,111.37763455357319
False,piano,72,100,111.38330349206525,111.4683375694462
False,piano,72,88,111.47400650793827,111.55904058531922
False,piano,72,95,111.56470952381129,111.64974360119224
False,piano,72,93,111.6554125396843,111.74044661706526
True,piano,72,92,111.74611555555732,111.83114963293828
True,piano,72,93,111.83681857143034,111.9218526488113
False,piano,72,105,111.92752158730336,112.01255566468431
False,piano,72,93,112.01822460317638,112.10325868055733
True,piano,72,95,112.1089276190494,112.19396169643035
True,piano,72,93,112.19963063492241,112.28466471230337
False,piano,72,92,112.29033365079543,112.37536772817639
False,piano,72,93,112.38103666666845,112.4660707440494
True,piano,72,105,112.47173968254147,112.55677375992242
False,piano,72,93,112.56244269841449,112.64747677579544
False,piano,72,95,112.6531457142875,112.73817979166846
True,piano,72,96,112.74384873016052,112.82888280754148
True,piano,72,96,112.83455174603354,112.9195858234145
True,piano,72,104,112.92525476190656,113.01028883928751
True,piano,72,108,112.92525476190656,113.01028883928751
False,piano,72,105,113.01595777777958,113.10099185516053
True,piano,72,96,113.1066607936526,113.19169487103355
False,piano,72,105,113.19736380952561,113.26085592063673
False,piano,72,99,113.26539107143039,113.3288831825415
True,piano,72,102,113.33341833333516,113.39691044444628
True,piano,72,98,113.40144559523993,113.46493770635105
False,piano,72,108,113.46947285714471,113.53296496825583
True,piano,72,102,113.53750011904948,113.6009922301606
False,piano,72,105,113.60552738095426,113.66901949206537
True,piano,72,101,113.67355464285903,113.73704675397015
False,piano,72,107,113.7415819047638,113.80507401587492
True,piano,72,101,113.80960916666858,113.8731012777797
False,piano,72,104,113.87763642857335,113.94112853968447
False,piano,72,100,113.94566369047813,114.00915580158924
False,piano,72,105,114.0136909523829,114.07718306349402
False,piano,72,99,114.08171821428768,114.14521032539879
True,piano,72,102,114.14974547619245,114.21323758730357
True,piano,72,98,114.21777273809722,114.28126484920834
False,piano,72,103,114.285800000002,114.34929211111312
True,piano,72,97,114.35382726190677,114.41731937301789
False,piano,72,100,114.42185452381155,114.48534663492266
True,piano,72,96,114.48988178571632,114.55337389682744
False,piano,72,105,114.5579090476211,114.62140115873221
False,piano,72,99,114.62593630952587,114.68942842063699
True,piano,72,102,114.69396357143064,114.75745568254176
True,piano,72,98,114.76199083333542,114.82548294444653
False,piano,72,107,114.83001809524019,114.89351020635131
False,piano,72,101,114.89804535714497,114.96153746825608
False,piano,72,104,114.96607261904974,115.02956473016086
True,piano,72,100,115.03409988095451,115.09759199206563
True,piano,72,105,115.10212714285929,115.1656192539704
False,piano,72,99,115.17015440476406,115.23364651587518
False,piano,72,102,115.23818166666884,115.30167377777995
True,piano,72,98,115.30620892857361,115.36970103968473
False,piano,72,103,115.37423619047838,115.4377283015895
True,piano,72,97,115.44226345238316,115.50575556349428
True,piano,72,100,115.51029071428793,115.57378282539905
False,piano,72,96,115.57831797619271,115.64181008730382
True,piano,72,105,115.64634523809748,115.7098373492086
False,piano,72,99,115.71437250000226,115.77786461111337
True,piano,72,102,115.78239976190703,115.84589187301815
True,piano,72,98,115.8504270238118,115.91391913492292
False,piano,72,107,115.91845428571658,115.9819463968277
False,piano,72,101,115.98648154762135,116.04997365873247
False,piano,72,104,116.05450880952613,116.11800092063724
True,piano,72,100,116.1225360714309,116.18602818254202
True,piano,72,105,116.19056333333567,116.25405544444679
False,piano,72,99,116.25859059524045,116.32208270635157
False,piano,72,102,116.32661785714522,116.39010996825634
False,piano,72,98,116.39464511905,116.45813723016111
False,piano,72,103,116.46267238095477,116.52616449206589
False,piano,72,97,116.53069964285955,116.59419175397066
True,piano,72,100,116.59872690476432,116.66221901587544
False,piano,72,96,116.6667541666691,116.73024627778021
False,piano,72,102,116.73478142857387,116.81981550595482
False,piano,72,95,116.82548444444689,116.91051852182784
False,piano,72,93,116.9161874603199,117.00122153770086
True,piano,72,91,117.00689047619292,117.14181121230403
True,piano,72,100,117.00689047619292,117.14181121230403
True,piano,72,83,117.55110857143102,117.63614264881197
True,piano,72,81,117.64181158730403,117.72684566468499
True,piano,72,80,117.73251460317705,117.817548680558
False,piano,72,81,117.82321761905007,117.90825169643102
False,piano,72,93,117.91392063492309,117.99895471230404
False,piano,72,81,118.0046236507961,118.08965772817706
False,piano,72,83,118.09532666666912,118.18036074405008
False,piano,72,84,118.18602968254214,118.2710637599231
True,piano,72,84,118.27673269841516,118.36176677579611
True,piano,72,92,118.36743571428818,118.45246979166913
True,piano,72,96,118.36743571428818,118.45246979166913
False,piano,72,93,118.4581387301612,118.54317280754215
False,piano,72,84,118.54884174603421,118.63387582341517
True,piano,72,86,118.63954476190723,118.72457883928818
False,piano,72,84,118.73024777778025,118.8152818551612
False,piano,72,83,118.82095079365327,118.90598487103422
False,piano,72,84,118.91165380952629,118.99668788690724
False,piano,72,96,119.0023568253993,119.08739090278026
True,piano,72,84,119.09305984127232,119.17809391865327
False,piano,72,87,119.18376285714534,119.26879693452629
False,piano,72,88,119.27446587301836,119.35949995039931
False,piano,72,88,119.36516888889138,119.45020296627233
True,piano,72,95,119.4558719047644,119.54090598214535
True,piano,72,100,119.4558719047644,119.54090598214535
True,piano,72,96,119.54657492063741,119.63160899801836
False,piano,72,88,119.63727793651043,119.72231201389138
True,piano,72,89,119.72798095238345,119.8130150297644
False,piano,72,88,119.81868396825647,119.90371804563742
False,piano,72,87,119.90938698412948,119.99442106151044
True,piano,72,88,120.0000900000025,120.08512407738345
True,piano,72,100,120.09079301587552,120.17582709325647
True,piano,72,88,120.18149603174854,120.26653010912949
True,piano,72,95,120.27219904762156,120.35723312500251
False,piano,72,93,120.36290206349457,120.44793614087553
True,piano,72,92,120.45360507936759,120.53863915674854
False,piano,72,93,120.54430809524061,120.62934217262156
True,piano,72,105,120.63501111111363,120.72004518849458
True,piano,72,93,120.72571412698665,120.8107482043676
False,piano,72,95,120.81641714285966,120.90145122024062
False,piano,72,93,120.90712015873268,120.99215423611363
False,piano,72,92,120.9978231746057,121.08285725198665
False,piano,72,93,121.08852619047872,121.17356026785967
True,piano,72,105,121.17922920635174,121.26426328373269
False,piano,72,93,121.26993222222475,121.3549662996057
False,piano,72,95,121.36063523809777,121.44566931547872
False,piano,72,96,121.45133825397079,121.53637233135174
True,piano,72,96,121.5420412698438,121.62707534722476
False,piano,72,104,121.63274428571683,121.71777836309778
True,piano,72,108,121.63274428571683,121.71777836309778
False,piano,72,105,121.72344730158984,121.8084813789708
False,piano,72,96,121.81415031746286,121.89918439484381
False,piano,72,105,121.90485333333588,121.968345444447
False,piano,72,99,121.97288059524065,122.03637270635177
False,piano,72,102,122.04090785714543,122.10439996825654
False,piano,72,98,122.1089351190502,122.17242723016132
True,piano,72,108,122.17696238095498,122.24045449206609
True,piano,72,102,122.24498964285975,122.30848175397087
True,piano,72,105,122.31301690476452,122.37650901587564
False,piano,72,101,122.3810441666693,122.44453627778041
True,piano,72,107,122.44907142857407,122.51256353968519
False,piano,72,101,122.51709869047885,122.58059080158996
True,piano,72,104,122.58512595238362,122.64861806349474
False,piano,72,100,122.6531532142884,122.71664532539951
True,piano,72,105,122.72118047619317,122.78467258730429
False,piano,72,99,122.78920773809794,122.85269984920906
False,piano,72,102,122.85723500000272,122.92072711111383
False,piano,72,98,122.92526226190749,122.98875437301861
True,piano,72,103,122.99328952381227,123.05678163492338
True,piano,72,97,123.06131678571704,123.12480889682816
False,piano,72,100,123.12934404762181,123.19283615873293
True,piano,72,96,123.19737130952659,123.2608634206377
False,piano,72,105,123.26539857143136,123.32889068254248
True,piano,72,99,123.33342583333614,123.39691794444725
False,piano,72,102,123.40145309524091,123.46494520635203
True,piano,72,98,123.46948035714568,123.5329724682568
False,piano,72,107,123.53750761905046,123.60099973016158
False,piano,72,101,123.60553488095523,123.66902699206635
False,piano,72,104,123.67356214286,123.73705425397112
True,piano,72,100,123.74158940476478,123.8050815158759
False,piano,72,105,123.80961666666956,123.87310877778067
False,piano,72,99,123.87764392857433,123.94113603968545
False,piano,72,102,123.9456711904791,124.00916330159022
True,piano,72,98,124.01369845238388,124.077190563495
False,piano,72,103,124.08172571428865,124.14521782539977
False,piano,72,97,124.14975297619343,124.21324508730454
True,piano,72,100,124.2177802380982,124.28127234920932
False,piano,72,96,124.28580750000297,124.34929961111409
False,piano,72,105,124.35383476190775,124.41732687301887
False,piano,72,99,124.42186202381252,124.48535413492364
True,piano,72,102,124.4898892857173,124.55338139682841
False,piano,72,98,124.55791654762207,124.62140865873319
True,piano,72,107,124.62594380952685,124.68943592063796
True,piano,72,101,124.69397107143162,124.75746318254274
True,piano,72,104,124.7619983333364,124.82549044444751
False,piano,72,100,124.83002559524117,124.89351770635228
True,piano,72,105,124.89805285714594,124.96154496825706
False,piano,72,99,124.96608011905072,125.02957223016183
False,piano,72,102,125.03410738095549,125.0975994920666
False,piano,72,98,125.10213464286026,125.16562675397138
False,piano,72,103,125.17016190476504,125.23365401587616
True,piano,72,97,125.23818916666981,125.30168127778093
True,piano,72,100,125.30621642857459,125.3697085396857
False,piano,72,96,125.37424369047936,125.43773580159048
False,piano,72,102,125.44227095238413,125.52730502976509
False,piano,72,95,125.53297396825715,125.6180080456381
True,piano,72,93,125.62367698413017,125.70871106151112
True,piano,72,91,125.71438000000319,125.8493007361143
False,piano,72,100,125.71438000000319,125.8493007361143
True,piano,72,95,126.25859809524128,126.34363217262224
False,piano,72,96,126.3493011111143,126.43433518849525
True,piano,72,100,126.25859809524128,126.51596790278097
False,piano,72,88,126.44000412698732,126.52503820436827
True,piano,72,97,126.53070714286034,126.61574122024129
False,piano,72,98,126.62141015873335,126.70644423611431
True,piano,72,101,126.53070714286034,126.78807695040003
False,piano,72,89,126.71211317460637,126.79714725198733
False,piano,72,99,126.80281619047939,126.88785026786034
False,piano,72,100,126.89351920635241,126.97855328373336
True,piano,72,103,126.80281619047939,127.06018599801908
False,piano,72,91,126.98422222222543,127.06925629960638
True,piano,72,95,127.07492523809844,127.1599593154794
True,piano,72,96,127.16562825397146,127.25066233135242
False,piano,72,103,127.07492523809844,127.33229504563813
False,piano,72,91,127.25633126984448,127.34136534722543
False,piano,72,105,127.3470342857175,127.43206836309845
True,piano,72,100,127.3470342857175,127.43206836309845
False,piano,72,103,127.43773730159052,127.43773730159052
True,piano,72,103,127.43773730159052,127.60893924405083
False,piano,72,95,127.52844031746353,127.61347439484449
True,piano,72,101,127.61914333333655,127.7041774107175
True,piano,72,96,127.61914333333655,127.7041774107175
False,piano,72,100,127.70984634920957,127.70984634920957
True,piano,72,100,127.70984634920957,127.88104829166988
True,piano,72,91,127.80054936508259,127.88558344246354
True,piano,72,91,127.98195539682862,128.07152462500324
True,piano,72,98,127.98195539682862,128.07152462500324
True,piano,72,86,128.07265841270166,128.1576924900826
False,piano,72,86,128.2540644444477,128.3436336726223
False,piano,72,91,128.2540644444477,128.3436336726223
True,piano,72,79,128.34476746032072,128.42980153770168
False,piano,72,95,128.43547047619373,128.52050455357468
True,piano,72,96,128.52617349206673,128.61120756944769
True,piano,72,100,128.43547047619373,128.69284028373337
False,piano,72,88,128.61687650793974,128.7019105853207
False,piano,72,97,128.70757952381274,128.7926136011937
True,piano,72,98,128.79828253968574,128.8833166170667
False,piano,72,101,128.70757952381274,128.9649493313524
False,piano,72,89,128.88898555555875,128.9740196329397
True,piano,72,99,128.97968857143175,129.0647226488127
True,piano,72,100,129.07039158730475,129.1554256646857
True,piano,72,103,128.97968857143175,129.2370583789714
False,piano,72,91,129.16109460317776,129.2461286805587
True,piano,72,95,129.25179761905076,129.33683169643172
True,piano,72,96,129.34250063492377,129.42753471230472
True,piano,72,103,129.25179761905076,129.5091674265904
True,piano,72,91,129.43320365079677,129.51823772817772
False,piano,72,105,129.52390666666977,129.60894074405073
False,piano,72,100,129.52390666666977,129.60894074405073
True,piano,72,103,129.61460968254278,129.61460968254278
True,piano,72,103,129.61460968254278,129.78581162500308
True,piano,72,95,129.70531269841578,129.79034677579673
True,piano,72,101,129.79601571428879,129.88104979166974
False,piano,72,96,129.79601571428879,129.88104979166974
True,piano,72,100,129.8867187301618,129.8867187301618
True,piano,72,100,129.8867187301618,130.0579206726221
False,piano,72,91,129.9774217460348,130.06245582341575
True,piano,72,91,130.15882777778083,130.24839700595544
True,piano,72,98,130.15882777778083,130.24839700595544
False,piano,72,86,130.24953079365386,130.33456487103481
True,piano,72,86,130.4309368253999,130.5205060535745
False,piano,72,91,130.4309368253999,130.5205060535745
True,piano,72,79,130.52163984127293,130.60667391865388
True,piano,72,92,130.61234285714593,130.6973769345269
False,piano,72,93,130.70304587301894,130.7880799503999
False,piano,72,96,130.61234285714593,130.86971266468558
False,piano,72,84,130.79374888889194,130.8787829662729
True,piano,72,94,130.88445190476494,130.9694859821459
False,piano,72,95,130.97515492063795,131.0601889980189
False,piano,72,98,130.88445190476494,131.1418217123046
False,piano,72,86,131.06585793651095,131.1508920138919
True,piano,72,95,131.15656095238396,131.2415950297649
True,piano,72,96,131.24726396825696,131.3322980456379
True,piano,72,100,131.15656095238396,131.4139307599236
True,piano,72,88,131.33796698412996,131.42300106151092
True,piano,72,92,131.42867000000297,131.51370407738392
False,piano,72,93,131.51937301587597,131.60440709325692
False,piano,72,100,131.42867000000297,131.6860398075426
False,piano,72,88,131.61007603174897,131.69511010912993
False,piano,72,101,131.70077904762198,131.78581312500293
False,piano,72,96,131.70077904762198,131.78581312500293
True,piano,72,100,131.79148206349498,131.79148206349498
False,piano,72,100,131.79148206349498,131.96268400595528
False,piano,72,93,131.88218507936799,131.96721915674894
False,piano,72,98,131.972888095241,132.05792217262194
True,piano,72,92,131.972888095241,132.05792217262194
True,piano,72,96,132.063591111114,132.063591111114
False,piano,72,96,132.063591111114,132.2347930535743
True,piano,72,88,132.154294126987,132.23932820436795
False,piano,72,88,132.33570015873303,132.42526938690764
False,piano,72,95,132.33570015873303,132.42526938690764
True,piano,72,83,132.42640317460607,132.51143725198702
False,piano,72,83,132.6078092063521,132.6973784345267
False,piano,72,88,132.6078092063521,132.6973784345267
False,piano,72,76,132.69851222222513,132.7835462996061
False,piano,72,92,132.78921523809814,132.8742493154791
False,piano,72,93,132.87991825397114,132.9649523313521
True,piano,72,96,132.78921523809814,133.04658504563778
True,piano,72,84,132.97062126984414,133.0556553472251
False,piano,72,94,133.06132428571715,133.1463583630981
False,piano,72,95,133.15202730159015,133.2370613789711
True,piano,72,98,133.06132428571715,133.3186940932568
True,piano,72,86,133.24273031746316,133.3277643948441
True,piano,72,95,133.33343333333616,133.4184674107171
False,piano,72,96,133.42413634920916,133.50917042659012
True,piano,72,100,133.33343333333616,133.5908031408758
False,piano,72,88,133.51483936508217,133.59987344246312
True,piano,72,92,133.60554238095517,133.69057645833612
False,piano,72,93,133.69624539682817,133.78127947420913
True,piano,72,100,133.60554238095517,133.86291218849482
False,piano,72,88,133.78694841270118,133.87198249008213
False,piano,72,101,133.87765142857418,133.96268550595514
False,piano,72,96,133.87765142857418,133.96268550595514
True,piano,72,100,133.9683544444472,133.9683544444472
True,piano,72,100,133.9683544444472,134.1395563869075
False,piano,72,93,134.0590574603202,134.14409153770114
True,piano,72,98,134.1497604761932,134.23479455357415
False,piano,72,92,134.1497604761932,134.23479455357415
False,piano,72,96,134.2404634920662,134.2404634920662
False,piano,72,96,134.2404634920662,134.4116654345265
True,piano,72,89,134.3311665079392,134.41620058532015
True,piano,72,95,134.4218695238122,134.47742512103443
True,piano,72,92,134.4819602718281,134.5375158690503
True,piano,72,89,134.54318480754236,134.59874040476458
False,piano,72,88,134.60327555555824,134.65883115278046
True,piano,72,86,134.66336630357412,134.71892190079635
False,piano,72,83,134.7245908392884,134.78014643651062
False,piano,72,84,134.78468158730428,134.8402371845265
False,piano,72,85,134.84477233532016,134.90032793254238
True,piano,72,86,134.90599687103443,134.96155246825666
False,piano,72,92,134.9660876190503,135.02164321627254
False,piano,72,89,135.0261783670662,135.08173396428842
True,piano,72,88,135.08740290278047,135.1429585000027
True,piano,72,86,135.14749365079635,135.20304924801857
False,piano,72,83,135.20758439881223,135.26313999603445
True,piano,72,80,135.2688089345265,135.32436453174873
False,piano,72,81,135.32889968254239,135.3844552797646
False,piano,72,82,135.38899043055827,135.4445460277805
False,piano,72,83,135.45021496627254,135.50577056349476
False,piano,72,89,135.51030571428842,135.56586131151064
False,piano,72,88,135.5703964623043,135.62595205952653
False,piano,72,86,135.63162099801858,135.6871765952408
True,piano,72,83,135.69171174603446,135.74726734325668
True,piano,72,80,135.75180249405034,135.80735809127256
True,piano,72,77,135.8130270297646,135.86858262698684
False,piano,72,79,135.8731177777805,135.92867337500272
True,piano,72,80,135.93320852579637,135.9887641230186
True,piano,72,81,135.99443306151065,136.04998865873287
False,piano,72,86,136.05452380952653,136.11007940674875
False,piano,72,84,136.1146145575424,136.17017015476463
False,piano,72,83,136.17583909325668,136.2313946904789
False,piano,72,80,136.23592984127256,136.2914854384948
True,piano,72,77,136.29602058928845,136.35157618651067
False,piano,72,74,136.35724512500272,136.41280072222494
True,piano,72,75,136.4173358730186,136.47289147024082
False,piano,72,76,136.47742662103448,136.5329822182567
True,piano,72,77,136.53865115674876,136.59420675397098
True,piano,72,83,136.59874190476464,136.65429750198686
True,piano,72,80,136.65883265278052,136.71438825000274
False,piano,72,79,136.7200571884948,136.77561278571702
False,piano,72,77,136.78014793651067,136.8357035337329
True,piano,72,74,136.84023868452655,136.89579428174878
True,piano,72,71,136.90146322024083,136.95701881746305
False,piano,72,72,136.9615539682567,137.01710956547893
False,piano,72,73,137.0216447162726,137.0772003134948
False,piano,72,74,137.08286925198686,137.1384248492091
True,piano,72,80,137.14296000000274,137.19851559722497
False,piano,72,77,137.20305074801863,137.25860634524085
True,piano,72,76,137.2642752837329,137.31983088095512
False,piano,72,74,137.32436603174878,137.379921628971
False,piano,72,71,137.38445677976466,137.44001237698689
False,piano,72,68,137.44568131547894,137.50123691270116
False,piano,72,69,137.50577206349482,137.56132766071704
False,piano,72,70,137.5658628115107,137.62141840873292
False,piano,72,71,137.62708734722497,137.6826429444472
False,piano,72,77,137.68717809524085,137.74273369246308
False,piano,72,76,137.74726884325673,137.80282444047896
False,piano,72,74,137.808493378971,137.86404897619323
False,piano,72,71,137.8685841269869,137.9241397242091
False,piano,72,68,137.92867487500277,137.984230472225
True,piano,72,65,137.98989941071704,138.04545500793927
False,piano,72,67,138.04999015873292,138.10554575595515
False,piano,72,68,138.1100809067488,138.16563650397103
False,piano,72,69,138.17130544246308,138.2268610396853
False,piano,72,74,138.23139619047896,138.28695178770118
False,piano,72,72,138.29148693849484,138.34704253571707
True,piano,72,71,138.35271147420912,138.40826707143134
True,piano,72,68,138.412802222225,138.46835781944722
False,piano,72,65,138.47289297024088,138.5284485674631
False,piano,72,62,138.53411750595515,138.58967310317738
False,piano,72,63,138.59420825397103,138.64976385119326
True,piano,72,64,138.6542990019869,138.70985459920914
True,piano,72,65,138.7155235377012,138.7710791349234
False,piano,72,71,138.77561428571707,138.83910639682819
True,piano,72,68,138.84364154762184,138.90713365873296
True,piano,72,67,138.91166880952662,138.97516092063773
True,piano,72,65,138.9796960714314,139.0431881825425
True,piano,72,62,139.04772333333617,139.11121544444728
True,piano,72,63,139.11575059524094,139.17924270635206
True,piano,72,64,139.1837778571457,139.24726996825683
True,piano,72,65,139.2518051190505,139.3152972301616
False,piano,72,71,139.31983238095526,139.38332449206638
True,piano,72,68,139.38785964286004,139.45135175397115
True,piano,72,67,139.4558869047648,139.51937901587593
True,piano,72,65,139.52391416666958,139.5874062777807
True,piano,72,62,139.59194142857436,139.65543353968548
True,piano,72,63,139.65996869047913,139.72346080159025
True,piano,72,64,139.7279959523839,139.79148806349502
True,piano,72,65,139.79602321428868,139.8595153253998
False,piano,72,71,139.86405047619346,139.92754258730457
False,piano,72,68,139.93207773809823,139.99556984920935
True,piano,72,67,140.000105000003,140.06359711111412
False,piano,72,65,140.06813226190778,140.1316243730189
False,piano,72,62,140.13615952381255,140.19965163492367
False,piano,72,63,140.20418678571733,140.26767889682844
True,piano,72,64,140.2722140476221,140.33570615873322
True,piano,72,65,140.34024130952687,140.403733420638
False,piano,96,71,140.40826857143165,140.53638658135228
False,piano,96,62,140.40826857143165,140.53638658135228
False,piano,96,69,140.54432309524117,140.6724411051618
False,piano,96,63,140.54432309524117,140.6724411051618
False,piano,96,68,140.6803776190507,140.80849562897131
True,piano,96,64,140.6803776190507,140.80849562897131
True,piano,96,69,140.8164321428602,140.94455015278083
False,piano,96,65,140.8164321428602,140.94455015278083
False,piano,96,64,140.95248666666973,141.08060467659035
False,piano,96,63,141.08854119047925,141.21665920039987
True,piano,96,72,140.95248666666973,141.22346192659035
True,piano,96,64,141.22459571428877,141.3527137242094
True,piano,96,65,141.3606502380983,141.4887682480189
False,piano,96,74,141.4967047619078,141.62482277182843
False,piano,96,64,141.4967047619078,141.62482277182843
False,piano,96,72,141.63275928571733,141.76087729563795
True,piano,96,66,141.63275928571733,141.76087729563795
True,piano,96,71,141.76881380952685,141.89693181944747
True,piano,96,67,141.76881380952685,141.89693181944747
False,piano,96,72,141.90486833333637,142.032986343257
False,piano,96,68,141.90486833333637,142.032986343257
False,piano,96,69,142.0409228571459,142.1690408670665
True,piano,96,68,142.1769773809554,142.30509539087603
False,piano,96,76,142.0409228571459,142.3118981170665
False,piano,96,69,142.31303190476493,142.44114991468555
False,piano,96,70,142.44908642857445,142.57720443849507
False,piano,96,77,142.58514095238397,142.7132589623046
True,piano,96,69,142.58514095238397,142.7132589623046
True,piano,96,76,142.7211954761935,142.8493134861141
True,piano,96,70,142.7211954761935,142.8493134861141
False,piano,96,75,142.857250000003,142.98536800992363
True,piano,96,71,142.857250000003,142.98536800992363
True,piano,96,76,142.99330452381253,143.12142253373315
False,piano,96,72,142.99330452381253,143.12142253373315
True,piano,96,83,143.12935904762205,143.25747705754267
False,piano,96,72,143.12935904762205,143.25747705754267
False,piano,96,81,143.26541357143157,143.3935315813522
False,piano,96,77,143.26541357143157,143.3935315813522
False,piano,96,80,143.40146809524109,143.5295861051617
False,piano,96,76,143.40146809524109,143.5295861051617
False,piano,96,81,143.5375226190506,143.66564062897123
True,piano,96,75,143.5375226190506,143.66564062897123
False,piano,96,83,143.67357714286013,143.80169515278075
True,piano,96,74,143.67357714286013,143.80169515278075
True,piano,96,81,143.80963166666965,143.93774967659027
False,piano,96,75,143.80963166666965,143.93774967659027
False,piano,96,80,143.94568619047917,144.0738042003998
False,piano,96,76,143.94568619047917,144.0738042003998
True,piano,96,81,144.08174071428869,144.2098587242093
False,piano,96,77,144.08174071428869,144.2098587242093
False,piano,127,72,144.2177952380982,144.73366864087598
False,piano,127,75,144.2177952380982,144.73366864087598
False,piano,126,79,144.2177952380982,144.73366864087598
True,piano,127,84,144.2177952380982,144.73366864087598
False,piano,108,69,144.76201333333628,145.01938314087596
False,piano,108,75,144.76201333333628,145.01938314087596
True,piano,108,81,144.76201333333628,145.01938314087596
False,piano,108,71,145.03412238095532,145.291492188495
False,piano,108,75,145.03412238095532,145.291492188495
True,piano,108,83,145.03412238095532,145.291492188495
False,piano,108,72,145.30623142857436,145.56360123611404
False,piano,108,75,145.30623142857436,145.56360123611404
False,piano,108,78,145.30623142857436,145.56360123611404
False,piano,108,84,145.30623142857436,145.56360123611404
True,piano,108,71,145.5783404761934,145.83571028373308
False,piano,108,75,145.5783404761934,145.83571028373308
False,piano,108,78,145.5783404761934,145.83571028373308
False,piano,108,83,145.5783404761934,145.83571028373308
True,piano,108,69,145.85044952381244,145.98537025992354
False,piano,108,75,145.85044952381244,145.98537025992354
False,piano,108,78,145.85044952381244,145.98537025992354
False,piano,108,81,145.85044952381244,145.98537025992354
True,piano,108,68,146.12255857143148,146.25747930754258
True,piano,108,75,146.12255857143148,146.25747930754258
True,piano,108,78,146.12255857143148,146.25747930754258
True,piano,108,80,146.12255857143148,146.25747930754258
False,piano,108,69,146.39466761905052,146.6520374265902
True,piano,108,72,146.39466761905052,146.6520374265902
False,piano,108,76,146.39466761905052,146.6520374265902
True,piano,108,81,146.39466761905052,146.6520374265902
False,piano,108,64,146.66677666666956,146.92414647420924
True,piano,108,69,146.66677666666956,146.92414647420924
True,piano,108,72,146.66677666666956,146.92414647420924
False,piano,108,76,146.66677666666956,146.92414647420924
True,piano,108,65,146.9388857142886,147.19625552182828
False,piano,108,69,146.9388857142886,147.19625552182828
False,piano,108,74,146.9388857142886,147.19625552182828
False,piano,108,77,146.9388857142886,147.19625552182828
False,piano,108,62,147.21099476190764,147.46836456944732
True,piano,108,65,147.21099476190764,147.46836456944732
False,piano,108,69,147.21099476190764,147.46836456944732
True,piano,108,74,147.21099476190764,147.46836456944732
True,piano,108,60,147.48310380952668,147.8697254146854
True,piano,108,64,147.48310380952668,147.8697254146854
True,piano,108,69,147.48310380952668,147.8697254146854
False,piano,108,72,147.48310380952668,147.8697254146854
True,piano,108,59,147.89126738095524,148.01938539087587
True,piano,108,71,147.89126738095524,148.01938539087587
True,piano,108,59,148.02732190476476,148.41394350992348
True,piano,108,62,148.02732190476476,148.41394350992348
True,piano,108,68,148.02732190476476,148.41394350992348
False,piano,108,71,148.02732190476476,148.41394350992348
False,piano,108,57,148.43548547619332,148.56360348611395
False,piano,108,69,148.43548547619332,148.56360348611395
True,piano,108,57,148.57154000000284,149.0874134027806
True,piano,108,61,148.57154000000284,149.0874134027806
False,piano,108,64,148.57154000000284,149.0874134027806
False,piano,108,69,148.57154000000284,149.0874134027806
False,piano,96,69,149.11575809524092,149.25067883135202
False,piano,96,73,149.11575809524092,149.25067883135202
False,piano,96,81,149.11575809524092,149.25067883135202
False,piano,96,71,149.38786714285996,149.52278787897106
False,piano,96,83,149.38786714285996,149.52278787897106
True,piano,96,73,149.659976190479,150.17584959325677
False,piano,96,76,149.659976190479,150.17584959325677
False,piano,96,79,149.659976190479,150.17584959325677
True,piano,96,81,149.659976190479,150.17584959325677
False,piano,96,85,149.659976190479,150.17584959325677
False,piano,96,69,150.20419428571708,150.33911502182818
False,piano,96,73,150.20419428571708,150.33911502182818
True,piano,96,81,150.20419428571708,150.33911502182818
False,piano,96,71,150.47630333333612,150.61122406944722
True,piano,96,83,150.47630333333612,150.61122406944722
True,piano,96,73,150.74841238095516,150.88333311706626
False,piano,96,77,150.74841238095516,150.88333311706626
False,piano,96,80,150.74841238095516,150.88333311706626
False,piano,96,85,150.74841238095516,150.88333311706626
True,piano,96,71,151.0205214285742,151.1554421646853
True,piano,96,83,151.0205214285742,151.1554421646853
False,piano,96,69,151.29263047619324,151.42755121230434
False,piano,96,73,151.29263047619324,151.42755121230434
False,piano,96,81,151.29263047619324,151.42755121230434
False,piano,96,68,151.56473952381228,151.69966025992338
True,piano,96,80,151.56473952381228,151.69966025992338
False,piano,96,66,151.83684857143132,151.97176930754242
False,piano,96,69,151.83684857143132,151.97176930754242
True,piano,96,73,151.83684857143132,151.97176930754242
True,piano,96,78,151.83684857143132,151.97176930754242
False,piano,96,68,152.10895761905036,152.24387835516146
False,piano,96,80,152.10895761905036,152.24387835516146
True,piano,96,69,152.3810666666694,152.5159874027805
True,piano,96,73,152.3810666666694,152.5159874027805
True,piano,96,81,152.3810666666694,152.5159874027805
False,piano,96,71,152.65317571428844,152.78809645039954
True,piano,96,83,152.65317571428844,152.78809645039954
False,piano,96,68,152.92528476190748,153.06020549801858
True,piano,96,73,152.92528476190748,153.06020549801858
True,piano,96,77,152.92528476190748,153.06020549801858
True,piano,96,80,152.92528476190748,153.06020549801858
False,piano,96,65,153.19739380952652,153.33231454563762
False,piano,96,77,153.19739380952652,153.33231454563762
False,piano,96,69,153.46950285714556,153.60442359325666
False,piano,96,73,153.46950285714556,153.60442359325666
False,piano,96,81,153.46950285714556,153.60442359325666
True,piano,99,71,153.7416119047646,153.8765326408757
True,piano,99,83,153.7416119047646,153.8765326408757
False,piano,102,73,154.01372095238364,154.5295943551614
False,piano,102,76,154.01372095238364,154.5295943551614
False,piano,102,79,154.01372095238364,154.5295943551614
False,piano,102,81,154.01372095238364,154.5295943551614
True,piano,102,85,154.01372095238364,154.5295943551614
False,piano,108,69,154.55793904762172,154.6928597837328
True,piano,108,73,154.55793904762172,154.6928597837328
False,piano,108,81,154.55793904762172,154.6928597837328
False,piano,111,71,154.83004809524076,154.96496883135185
False,piano,111,83,154.83004809524076,154.96496883135185
False,piano,114,73,155.1021571428598,155.2370778789709
False,piano,114,77,155.1021571428598,155.2370778789709
False,piano,114,80,155.1021571428598,155.2370778789709
False,piano,114,85,155.1021571428598,155.2370778789709
False,piano,117,71,155.37426619047883,155.50918692658993
False,piano,117,83,155.37426619047883,155.50918692658993
True,piano,120,69,155.64637523809787,155.78129597420897
False,piano,120,73,155.64637523809787,155.78129597420897
True,piano,120,81,155.64637523809787,155.78129597420897
False,piano,123,68,155.91848428571691,156.053405021828
False,piano,123,80,155.91848428571691,156.053405021828
False,piano,126,66,156.19059333333595,156.44796314087563
False,piano,126,69,156.19059333333595,156.44796314087563
False,piano,126,72,156.19059333333595,156.44796314087563
False,piano,126,78,156.19059333333595,156.44796314087563
False,piano,126,71,156.462702380955,156.72007218849467
False,piano,126,83,156.462702380955,156.72007218849467
True,piano,126,68,156.73481142857403,156.9921812361137
True,piano,126,71,156.73481142857403,156.9921812361137
True,piano,126,74,156.73481142857403,156.9921812361137
False,piano,126,76,156.73481142857403,156.9921812361137
False,piano,126,80,156.73481142857403,156.9921812361137
False,piano,126,64,157.00692047619307,157.26429028373275
True,piano,126,76,157.00692047619307,157.26429028373275
False,piano,126,69,157.2790295238121,157.79490292658988
False,piano,126,73,157.2790295238121,157.79490292658988
False,piano,126,76,157.2790295238121,157.79490292658988
True,piano,126,81,157.2790295238121,157.79490292658988
True,piano,112,76,157.8232476190502,157.95136562897082
True,piano,112,88,157.8232476190502,157.95136562897082
True,piano,112,80,157.9593021428597,158.08742015278034
False,piano,112,85,157.9593021428597,158.08742015278034
False,piano,112,88,158.09535666666923,158.22347467658986
False,piano,112,100,158.09535666666923,158.22347467658986
True,piano,112,92,158.23141119047875,158.35952920039938
False,piano,112,97,158.23141119047875,158.35952920039938
False,piano,112,81,158.36746571428827,158.4955837242089
True,piano,112,93,158.36746571428827,158.4955837242089
False,piano,112,85,158.5035202380978,158.63163824801842
True,piano,112,88,158.5035202380978,158.63163824801842
False,piano,112,93,158.6395747619073,158.76769277182794
False,piano,112,105,158.6395747619073,158.76769277182794
False,piano,112,97,158.77562928571683,158.90374729563746
False,piano,112,100,158.77562928571683,158.90374729563746
True,piano,112,81,158.91168380952635,159.03980181944698
True,piano,112,93,158.91168380952635,159.03980181944698
True,piano,112,85,159.04773833333587,159.1758563432565
False,piano,112,88,159.04773833333587,159.1758563432565
True,piano,112,69,159.1837928571454,159.31191086706602
False,piano,112,81,159.1837928571454,159.31191086706602
False,piano,112,73,159.3198473809549,159.44796539087554
True,piano,112,76,159.3198473809549,159.44796539087554
True,piano,112,81,159.45590190476443,159.58401991468506
True,piano,112,93,159.45590190476443,159.58401991468506
False,piano,112,85,159.59195642857395,159.72007443849458
True,piano,112,88,159.59195642857395,159.72007443849458
False,piano,112,93,159.72801095238347,159.8561289623041
False,piano,112,105,159.72801095238347,159.8561289623041
False,piano,112,97,159.864065476193,159.99218348611362
True,piano,112,100,159.864065476193,159.99218348611362
False,piano,112,81,160.0001200000025,160.12823800992314
True,piano,112,93,160.0001200000025,160.12823800992314
False,piano,112,85,160.13617452381203,160.26429253373266
True,piano,112,88,160.13617452381203,160.26429253373266
True,piano,112,69,160.27222904762155,160.40034705754218
False,piano,112,81,160.27222904762155,160.40034705754218
False,piano,112,73,160.40828357143107,160.5364015813517
True,piano,112,76,160.40828357143107,160.5364015813517
True,piano,112,81,160.5443380952406,160.67245610516122
False,piano,112,93,160.5443380952406,160.67245610516122
True,piano,112,85,160.6803926190501,160.80851062897074
False,piano,112,88,160.6803926190501,160.80851062897074
True,piano,112,93,160.81644714285963,160.94456515278026
True,piano,112,105,160.81644714285963,160.94456515278026
True,piano,112,97,160.95250166666915,161.08061967658978
True,piano,112,100,160.95250166666915,161.08061967658978
False,piano,112,81,161.08855619047867,161.2166742003993
False,piano,112,93,161.08855619047867,161.2166742003993
True,piano,112,85,161.2246107142882,161.35272872420882
True,piano,112,88,161.2246107142882,161.35272872420882
True,piano,112,69,161.3606652380977,161.48878324801834
True,piano,112,81,161.3606652380977,161.48878324801834
True,piano,112,73,161.49671976190723,161.62483777182786
True,piano,112,76,161.49671976190723,161.62483777182786
False,piano,112,81,161.63277428571675,161.76089229563738
True,piano,112,93,161.63277428571675,161.76089229563738
False,piano,112,86,161.76882880952627,161.8969468194469
False,piano,112,90,161.76882880952627,161.8969468194469
True,piano,112,93,161.9048833333358,162.03300134325642
False,piano,112,105,161.9048833333358,162.03300134325642
False,piano,112,98,162.0409378571453,162.16905586706594
True,piano,112,102,162.0409378571453,162.16905586706594
False,piano,112,81,162.17699238095483,162.30511039087546
False,piano,112,93,162.17699238095483,162.30511039087546
True,piano,112,86,162.31304690476435,162.44116491468498
False,piano,112,90,162.31304690476435,162.44116491468498
True,piano,112,69,162.44910142857387,162.5772194384945
False,piano,112,81,162.44910142857387,162.5772194384945
False,piano,112,74,162.5851559523834,162.71327396230402
False,piano,112,78,162.5851559523834,162.71327396230402
True,piano,112,81,162.7212104761929,162.84932848611354
False,piano,112,93,162.7212104761929,162.84932848611354
False,piano,112,85,162.85726500000243,162.98538300992305
True,piano,112,88,162.85726500000243,162.98538300992305
True,piano,112,93,162.99331952381195,163.12143753373257
True,piano,112,105,162.99331952381195,163.12143753373257
True,piano,112,97,163.12937404762147,163.2574920575421
True,piano,112,100,163.12937404762147,163.2574920575421
True,piano,112,81,163.265428571431,163.39354658135161
False,piano,112,93,163.265428571431,163.39354658135161
True,piano,112,85,163.4014830952405,163.52960110516113
False,piano,112,88,163.4014830952405,163.52960110516113
False,piano,112,69,163.53753761905003,163.66565562897065
False,piano,112,81,163.53753761905003,163.66565562897065
True,piano,112,73,163.67359214285955,163.80171015278017
False,piano,112,76,163.67359214285955,163.80171015278017
True,piano,112,83,163.80964666666907,163.9377646765897
False,piano,112,95,163.80964666666907,163.9377646765897
False,piano,112,88,163.9457011904786,164.0738192003992
True,piano,112,92,163.9457011904786,164.0738192003992
False,piano,112,95,164.0817557142881,164.20987372420873
True,piano,112,107,164.0817557142881,164.20987372420873
False,piano,112,100,164.21781023809763,164.34592824801825
True,piano,112,104,164.21781023809763,164.34592824801825
False,piano,112,83,164.35386476190715,164.48198277182777
True,piano,112,95,164.35386476190715,164.48198277182777
False,piano,112,88,164.48991928571667,164.6180372956373
True,piano,112,92,164.48991928571667,164.6180372956373
False,piano,112,71,164.6259738095262,164.7540918194468
False,piano,112,83,164.6259738095262,164.7540918194468
False,piano,112,76,164.7620283333357,164.89014634325633
True,piano,112,80,164.7620283333357,164.89014634325633
False,piano,112,81,164.89808285714523,165.02620086706585
False,piano,112,93,164.89808285714523,165.02620086706585
True,piano,112,85,165.03413738095475,165.16225539087537
False,piano,112,88,165.03413738095475,165.16225539087537
True,piano,112,93,165.17019190476427,165.2983099146849
False,piano,112,105,165.17019190476427,165.2983099146849
True,piano,112,97,165.3062464285738,165.4343644384944
False,piano,112,100,165.3062464285738,165.4343644384944
False,piano,112,81,165.4423009523833,165.57041896230393
False,piano,112,93,165.4423009523833,165.57041896230393
False,piano,112,85,165.57835547619283,165.70647348611345
True,piano,112,88,165.57835547619283,165.70647348611345
True,piano,112,69,165.71441000000235,165.84252800992297
False,piano,112,81,165.71441000000235,165.84252800992297
False,piano,112,73,165.85046452381187,165.9785825337325
False,piano,112,76,165.85046452381187,165.9785825337325
True,piano,112,81,165.98651904762139,166.114637057542
False,piano,112,93,165.98651904762139,166.114637057542
False,piano,112,85,166.1225735714309,166.25069158135153
False,piano,112,88,166.1225735714309,166.25069158135153
True,piano,112,93,166.25862809524043,166.38674610516105
False,piano,112,105,166.25862809524043,166.38674610516105
False,piano,112,97,166.39468261904995,166.52280062897057
False,piano,112,100,166.39468261904995,166.52280062897057
True,piano,112,81,166.53073714285946,166.6588551527801
True,piano,112,93,166.53073714285946,166.6588551527801
False,piano,112,85,166.66679166666898,166.7949096765896
False,piano,112,88,166.66679166666898,166.7949096765896
False,piano,112,69,166.8028461904785,166.93096420039913
False,piano,112,81,166.8028461904785,166.93096420039913
False,piano,112,73,166.93890071428802,167.06701872420865
True,piano,112,76,166.93890071428802,167.06701872420865
True,piano,112,81,167.07495523809754,167.20307324801817
False,piano,112,93,167.07495523809754,167.20307324801817
False,piano,112,85,167.21100976190706,167.3391277718277
False,piano,112,88,167.21100976190706,167.3391277718277
False,piano,112,93,167.34706428571658,167.4751822956372
False,piano,112,105,167.34706428571658,167.4751822956372
True,piano,112,97,167.4831188095261,167.61123681944673
True,piano,112,100,167.4831188095261,167.61123681944673
True,piano,112,81,167.61917333333562,167.74729134325625
True,piano,112,93,167.61917333333562,167.74729134325625
False,piano,112,85,167.75522785714514,167.88334586706577
False,piano,112,88,167.75522785714514,167.88334586706577
False,piano,112,69,167.89128238095466,168.0194003908753
True,piano,112,81,167.89128238095466,168.0194003908753
True,piano,112,73,168.02733690476418,168.1554549146848
False,piano,112,76,168.02733690476418,168.1554549146848
False,piano,112,81,168.1633914285737,168.29150943849433
False,piano,112,93,168.1633914285737,168.29150943849433
False,piano,112,86,168.29944595238322,168.42756396230385
False,piano,112,90,168.29944595238322,168.42756396230385
True,piano,112,93,168.43550047619274,168.56361848611337
False,piano,112,105,168.43550047619274,168.56361848611337
True,piano,112,98,168.57155500000226,168.6996730099229
False,piano,112,102,168.57155500000226,168.6996730099229
True,piano,112,81,168.70760952381178,168.8357275337324
False,piano,112,93,168.70760952381178,168.8357275337324
False,piano,112,86,168.8436640476213,168.97178205754193
True,piano,112,90,168.8436640476213,168.97178205754193
False,piano,112,69,168.97971857143082,169.10783658135145
True,piano,112,81,168.97971857143082,169.10783658135145
True,piano,112,74,169.11577309524034,169.24389110516097
False,piano,112,78,169.11577309524034,169.24389110516097
True,piano,112,81,169.25182761904986,169.3799456289705
True,piano,112,93,169.25182761904986,169.3799456289705
True,piano,112,85,169.38788214285938,169.51600015278
False,piano,112,88,169.38788214285938,169.51600015278
True,piano,112,93,169.5239366666689,169.65205467658953
False,piano,112,105,169.5239366666689,169.65205467658953
False,piano,112,97,169.65999119047842,169.78810920039905
True,piano,112,100,169.65999119047842,169.78810920039905
False,piano,112,81,169.79604571428794,169.92416372420857
False,piano,112,93,169.79604571428794,169.92416372420857
False,piano,112,85,169.93210023809746,170.0602182480181
False,piano,112,88,169.93210023809746,170.0602182480181
False,piano,112,69,170.06815476190698,170.1962727718276
True,piano,112,81,170.06815476190698,170.1962727718276
False,piano,112,73,170.2042092857165,170.33232729563713
True,piano,112,76,170.2042092857165,170.33232729563713
True,piano,112,83,170.34026380952602,170.46838181944665
True,piano,112,95,170.34026380952602,170.46838181944665
True,piano,112,88,170.47631833333554,170.60443634325617
True,piano,112,92,170.47631833333554,170.60443634325617
True,piano,112,95,170.61237285714506,170.7404908670657
False,piano,112,107,170.61237285714506,170.7404908670657
True,piano,112,100,170.74842738095458,170.8765453908752
True,piano,112,104,170.74842738095458,170.8765453908752
False,piano,112,83,170.8844819047641,171.01259991468473
False,piano,112,95,170.8844819047641,171.01259991468473
False,piano,112,88,171.02053642857362,171.14865443849425
True,piano,112,92,171.02053642857362,171.14865443849425
False,piano,112,71,171.15659095238314,171.28470896230377
True,piano,112,83,171.15659095238314,171.28470896230377
True,piano,112,76,171.29264547619266,171.4207634861133
False,piano,112,80,171.29264547619266,171.4207634861133
True,piano,106,69,171.42870000000218,171.94457340277995
False,piano,106,73,171.42870000000218,171.94457340277995
True,piano,106,76,171.42870000000218,171.94457340277995
True,piano,106,81,171.42870000000218,171.94457340277995
True,piano,104,73,172.24502714285933,172.37994787897043
True,piano,104,85,172.24502714285933,172.37994787897043
True,piano,104,69,172.51713619047837,172.77450599801804
True,piano,104,73,172.51713619047837,172.77450599801804
False,piano,104,77,172.51713619047837,172.77450599801804
False,piano,104,81,172.51713619047837,172.77450599801804
True,piano,104,73,172.7892452380974,173.04661504563708
False,piano,104,85,172.7892452380974,173.04661504563708
False,piano,104,69,173.06135428571645,173.19627502182755
False,piano,104,73,173.06135428571645,173.19627502182755
False,piano,104,77,173.06135428571645,173.19627502182755
False,piano,104,81,173.06135428571645,173.19627502182755
True,piano,104,76,173.3334633333355,173.46838406944659
False,piano,104,88,173.3334633333355,173.46838406944659
False,piano,104,69,173.60557238095453,174.1214457837323
False,piano,104,73,173.60557238095453,174.1214457837323
True,piano,104,76,173.60557238095453,174.1214457837323
False,piano,104,81,173.60557238095453,174.1214457837323
False,piano,104,73,174.42189952381167,174.55682025992277
True,piano,104,85,174.42189952381167,174.55682025992277
True,piano,104,69,174.69400857143071,174.9513783789704
True,piano,104,71,174.69400857143071,174.9513783789704
True,piano,104,74,174.69400857143071,174.9513783789704
False,piano,104,77,174.69400857143071,174.9513783789704
True,piano,104,81,174.69400857143071,174.9513783789704
True,piano,104,73,174.96611761904975,175.22348742658943
True,piano,104,85,174.96611761904975,175.22348742658943
False,piano,104,69,175.2382266666688,175.3731474027799
True,piano,104,74,175.2382266666688,175.3731474027799
True,piano,104,77,175.2382266666688,175.3731474027799
True,piano,104,81,175.2382266666688,175.3731474027799
True,piano,104,76,175.51033571428783,175.64525645039893
True,piano,104,88,175.51033571428783,175.64525645039893
False,piano,104,69,175.78244476190687,175.91736549801797
False,piano,104,73,175.78244476190687,175.91736549801797
True,piano,104,76,175.78244476190687,175.91736549801797
True,piano,104,81,175.78244476190687,175.91736549801797
True,piano,104,50,176.32666285714495,176.45478086706558
False,piano,104,59,176.32666285714495,176.45478086706558
True,piano,104,51,176.46271738095447,176.5908353908751
False,piano,104,57,176.46271738095447,176.5908353908751
True,piano,104,52,176.598771904764,176.72688991468462
False,piano,104,56,176.598771904764,176.72688991468462
True,piano,104,53,176.7348264285735,176.86294443849414
False,piano,104,57,176.7348264285735,176.86294443849414
False,piano,105,52,176.87088095238303,177.00580168849413
False,piano,105,61,176.87088095238303,177.00580168849413
False,piano,106,62,177.4150990476211,177.54321705754174
True,piano,106,71,177.4150990476211,177.54321705754174
False,piano,106,63,177.55115357143063,177.67927158135126
False,piano,106,69,177.55115357143063,177.67927158135126
False,piano,106,64,177.68720809524015,177.81532610516078
True,piano,106,68,177.68720809524015,177.81532610516078
False,piano,107,65,177.82326261904967,177.9513806289703
True,piano,107,69,177.82326261904967,177.9513806289703
True,piano,107,64,177.9593171428592,178.0942378789703
False,piano,107,73,177.9593171428592,178.0942378789703
True,piano,108,74,178.50353523809727,178.6316532480179
False,piano,108,83,178.50353523809727,178.6316532480179
False,piano,108,75,178.6395897619068,178.76770777182742
True,piano,108,81,178.6395897619068,178.76770777182742
True,piano,109,76,178.7756442857163,178.90376229563694
True,piano,109,80,178.7756442857163,178.90376229563694
False,piano,109,77,178.91169880952583,179.03981681944646
False,piano,109,81,178.91169880952583,179.03981681944646
True,piano,109,76,179.04775333333535,179.18267406944645
True,piano,109,85,179.04775333333535,179.18267406944645
False,piano,110,86,179.59197142857343,179.72008943849406
True,piano,110,95,179.59197142857343,179.72008943849406
False,piano,111,87,179.72802595238295,179.85614396230358
False,piano,111,93,179.72802595238295,179.85614396230358
True,piano,111,88,179.86408047619247,179.9921984861131
False,piano,111,92,179.86408047619247,179.9921984861131
False,piano,111,89,180.000135000002,180.12825300992262
False,piano,111,93,180.000135000002,180.12825300992262
True,piano,112,88,180.1361895238115,180.65206292658928
False,piano,112,97,180.1361895238115,180.65206292658928
False,piano,113,86,180.6804076190496,180.76544169643054
True,piano,112,85,180.7711106349226,180.85614471230355
True,piano,95,88,180.7711106349226,180.85614471230355
False,piano,95,97,180.7711106349226,180.85614471230355
True,piano,113,84,180.8618136507956,180.94684772817655
False,piano,112,85,180.9525166666686,181.03755074404955
False,piano,95,88,180.9525166666686,181.03755074404955
True,piano,95,97,180.9525166666686,181.03755074404955
False,piano,113,86,181.0432196825416,181.12825375992256
False,piano,112,85,181.1339226984146,181.21895677579556
True,piano,95,88,181.1339226984146,181.21895677579556
True,piano,95,97,181.1339226984146,181.21895677579556
True,piano,113,82,181.2246257142876,181.30965979166857
False,piano,112,81,181.31532873016062,181.40036280754157
True,piano,95,85,181.31532873016062,181.40036280754157
True,piano,95,93,181.31532873016062,181.40036280754157
False,piano,113,80,181.40603174603362,181.49106582341457
False,piano,112,81,181.49673476190662,181.58176883928758
False,piano,95,85,181.49673476190662,181.58176883928758
False,piano,95,93,181.49673476190662,181.58176883928758
False,piano,113,82,181.58743777777963,181.67247185516058
False,piano,112,81,181.67814079365263,181.76317487103358
False,piano,95,85,181.67814079365263,181.76317487103358
False,piano,95,93,181.67814079365263,181.76317487103358
False,piano,113,78,181.76884380952563,181.8538778869066
True,piano,112,76,181.85954682539864,181.9445809027796
False,piano,95,81,181.85954682539864,181.9445809027796
False,piano,95,88,181.85954682539864,181.9445809027796
True,piano,113,75,181.95024984127164,182.0352839186526
False,piano,112,76,182.04095285714465,182.1259869345256
True,piano,95,81,182.04095285714465,182.1259869345256
True,piano,95,88,182.04095285714465,182.1259869345256
True,piano,113,78,182.13165587301765,182.2166899503986
False,piano,112,76,182.22235888889065,182.3073929662716
False,piano,95,81,182.22235888889065,182.3073929662716
True,piano,95,88,182.22235888889065,182.3073929662716
True,piano,113,74,182.31306190476366,182.3980959821446
False,piano,112,73,182.40376492063666,182.48879899801761
True,piano,95,76,182.40376492063666,182.48879899801761
False,piano,95,85,182.40376492063666,182.48879899801761
True,piano,113,72,182.49446793650966,182.57950201389062
False,piano,112,73,182.58517095238267,182.67020502976362
True,piano,95,76,182.58517095238267,182.67020502976362
False,piano,95,85,182.58517095238267,182.67020502976362
False,piano,113,74,182.67587396825567,182.76090804563663
False,piano,112,73,182.76657698412868,182.85161106150963
True,piano,95,76,182.76657698412868,182.85161106150963
False,piano,95,85,182.76657698412868,182.85161106150963
True,piano,113,70,182.85728000000168,182.94231407738263
False,piano,112,69,182.94798301587468,183.03301709325564
False,piano,95,73,182.94798301587468,183.03301709325564
True,piano,95,81,182.94798301587468,183.03301709325564
False,piano,113,68,183.0386860317477,183.12372010912864
True,piano,112,69,183.1293890476207,183.21442312500164
False,piano,95,73,183.1293890476207,183.21442312500164
False,piano,95,81,183.1293890476207,183.21442312500164
False,piano,113,70,183.2200920634937,183.30512614087465
True,piano,112,69,183.3107950793667,183.39582915674765
True,piano,95,73,183.3107950793667,183.39582915674765
False,piano,95,81,183.3107950793667,183.39582915674765
True,piano,113,66,183.4014980952397,183.48653217262066
False,piano,112,64,183.4922011111127,183.57723518849366
False,piano,95,69,183.4922011111127,183.57723518849366
True,piano,95,76,183.4922011111127,183.57723518849366
True,piano,113,63,183.5829041269857,183.66793820436666
False,piano,112,64,183.6736071428587,183.75864122023967
True,piano,95,69,183.6736071428587,183.75864122023967
True,piano,95,76,183.6736071428587,183.75864122023967
True,piano,113,66,183.76431015873172,183.84934423611267
False,piano,112,64,183.85501317460472,183.94004725198567
False,piano,95,69,183.85501317460472,183.94004725198567
True,piano,95,76,183.85501317460472,183.94004725198567
False,piano,113,62,183.94571619047773,184.03075026785868
False,piano,112,61,184.03641920635073,184.12145328373168
False,piano,95,64,184.03641920635073,184.12145328373168
True,piano,95,73,184.03641920635073,184.12145328373168
False,piano,113,60,184.12712222222373,184.2121562996047
False,piano,112,61,184.21782523809674,184.3028593154777
False,piano,95,64,184.21782523809674,184.3028593154777
False,piano,95,73,184.21782523809674,184.3028593154777
True,piano,113,62,184.30852825396974,184.3935623313507
True,piano,112,61,184.39923126984274,184.4842653472237
True,piano,95,64,184.39923126984274,184.4842653472237
True,piano,95,73,184.39923126984274,184.4842653472237
False,piano,113,58,184.48993428571575,184.5749683630967
False,piano,112,57,184.58063730158875,184.6656713789697
False,piano,95,61,184.58063730158875,184.6656713789697
False,piano,95,69,184.58063730158875,184.6656713789697
False,piano,113,56,184.67134031746176,184.7563743948427
False,piano,112,57,184.76204333333476,184.8470774107157
False,piano,95,61,184.76204333333476,184.8470774107157
False,piano,95,69,184.76204333333476,184.8470774107157
True,piano,113,58,184.85274634920776,184.93778042658872
False,piano,112,57,184.94344936508077,185.02848344246172
False,piano,95,61,184.94344936508077,185.02848344246172
True,piano,95,69,184.94344936508077,185.02848344246172
False,piano,126,73,187.21102476190617,187.72689816468394
True,piano,126,76,187.21102476190617,187.72689816468394
True,piano,126,81,187.21102476190617,187.72689816468394
True,piano,126,85,187.21102476190617,187.72689816468394
False,piano,126,85,187.75524285714425,188.78812345039822
True,piano,126,88,187.75524285714425,188.78812345039822
True,piano,126,93,187.75524285714425,188.78812345039822
True,piano,126,97,187.75524285714425,188.78812345039822
False,piano,126,64,187.75524285714425,188.78812345039822
True,piano,126,69,187.75524285714425,188.78812345039822
False,piano,126,73,187.75524285714425,188.78812345039822
True,piano,126,76,187.75524285714425,188.78812345039822
True,piano,96,38,0.5442180952380953,0.8015879027777778
True,piano,96,44,0.5442180952380953,0.8015879027777778
False,piano,96,47,0.5442180952380953,0.8015879027777778
False,piano,96,50,0.5442180952380953,0.8015879027777778
False,piano,96,52,0.8163271428571429,0.9444451527777779
False,piano,96,56,0.8163271428571429,0.9444451527777779
False,piano,96,59,0.8163271428571429,0.9444451527777779
False,piano,96,52,0.9523816666666668,1.0804996765873018
True,piano,96,56,0.9523816666666668,1.0804996765873018
False,piano,96,59,0.9523816666666668,1.0804996765873018
True,piano,96,52,1.0884361904761908,1.2233569265873019
False,piano,96,56,1.0884361904761908,1.2233569265873019
True,piano,96,59,1.0884361904761908,1.2233569265873019
False,piano,96,52,1.3605452380952383,1.4954659742063494
False,piano,96,56,1.3605452380952383,1.4954659742063494
False,piano,96,59,1.3605452380952383,1.4954659742063494
False,piano,96,36,1.6326542857142858,1.8900240932539685
True,piano,96,45,1.6326542857142858,1.8900240932539685
False,piano,96,48,1.6326542857142858,1.8900240932539685
True,piano,96,48,1.9047633333333336,2.0328813432539685
False,piano,96,52,1.9047633333333336,2.0328813432539685
True,piano,96,57,1.9047633333333336,2.0328813432539685
False,piano,96,48,2.0408178571428572,2.1689358670634924
True,piano,96,52,2.0408178571428572,2.1689358670634924
False,piano,96,57,2.0408178571428572,2.1689358670634924
True,piano,96,48,2.176872380952381,2.311793117063492
True,piano,96,52,2.176872380952381,2.311793117063492
True,piano,96,57,2.176872380952381,2.311793117063492
False,piano,96,48,2.4489814285714284,2.5839021646825397
True,piano,96,52,2.4489814285714284,2.5839021646825397
False,piano,96,57,2.4489814285714284,2.5839021646825397
True,piano,96,35,2.721090476190476,2.9784602837301586
False,piano,96,41,2.721090476190476,2.9784602837301586
True,piano,96,47,2.721090476190476,2.9784602837301586
False,piano,87,47,2.9931995238095235,3.121317533730158
False,piano,87,53,2.9931995238095235,3.121317533730158
True,piano,87,57,2.9931995238095235,3.121317533730158
False,piano,83,47,3.129254047619047,3.2573720575396816
False,piano,83,53,3.129254047619047,3.2573720575396816
True,piano,83,57,3.129254047619047,3.2573720575396816
False,piano,78,47,3.2653085714285703,3.4002293075396812
False,piano,78,53,3.2653085714285703,3.4002293075396812
False,piano,78,57,3.2653085714285703,3.4002293075396812
False,piano,69,47,3.5374176190476176,3.672338355158729
True,piano,69,53,3.5374176190476176,3.672338355158729
False,piano,69,57,3.5374176190476176,3.672338355158729
False,piano,60,34,3.8095266666666654,4.325400069444443
False,piano,60,40,3.8095266666666654,4.325400069444443
False,piano,60,46,3.8095266666666654,4.325400069444443
False,piano,52,28,4.3537447619047605,4.488665498015871
False,piano,52,40,4.3537447619047605,4.488665498015871
False,piano,60,33,4.897962857142855,5.032883593253966
False,piano,60,40,4.897962857142855,5.032883593253966
False,piano,60,45,4.897962857142855,5.032883593253966
False,piano,60,57,5.170071904761903,5.304992640873014
False,piano,60,60,5.170071904761903,5.304992640873014
False,piano,60,52,5.442180952380951,5.5771016884920614
False,piano,60,57,5.714289999999998,5.849210736111109
True,piano,60,60,5.714289999999998,5.849210736111109
False,piano,60,33,5.986399047619046,6.121319783730157
False,piano,60,40,5.986399047619046,6.121319783730157
False,piano,60,45,5.986399047619046,6.121319783730157
True,piano,60,57,6.258508095238094,6.393428831349205
False,piano,60,60,6.258508095238094,6.393428831349205
True,piano,60,52,6.530617142857142,6.6655378789682524
False,piano,60,57,6.802726190476189,6.9376469265873
False,piano,60,60,6.802726190476189,6.9376469265873
False,piano,60,33,7.074835238095237,7.209755974206348
True,piano,60,40,7.074835238095237,7.209755974206348
False,piano,60,45,7.074835238095237,7.209755974206348
True,piano,60,57,7.346944285714285,7.481865021825396
False,piano,60,60,7.346944285714285,7.481865021825396
False,piano,60,52,7.619053333333333,7.7539740694444435
True,piano,60,57,7.89116238095238,8.026083117063491
True,piano,60,60,7.89116238095238,8.026083117063491
True,piano,60,33,8.163271428571427,8.298192164682538
True,piano,60,40,8.163271428571427,8.298192164682538
False,piano,60,45,8.163271428571427,8.298192164682538
False,piano,60,57,8.435380476190474,8.570301212301585
False,piano,60,60,8.435380476190474,8.570301212301585
False,piano,60,52,8.707489523809521,8.842410259920632
False,piano,60,57,8.979598571428568,9.114519307539679
False,piano,60,60,8.979598571428568,9.114519307539679
False,piano,53,47,9.523816666666661,9.781186474206343
False,piano,53,52,9.523816666666661,9.781186474206343
True,piano,53,55,9.523816666666661,9.781186474206343
False,piano,79,59,9.251707619047615,9.794791926587296
True,piano,58,47,10.068034761904755,10.325404569444437
True,piano,58,52,10.068034761904755,10.325404569444437
False,piano,58,55,10.068034761904755,10.325404569444437
True,piano,87,60,9.795925714285708,10.33901002182539
True,piano,61,47,10.612252857142849,10.869622664682531
False,piano,61,52,10.612252857142849,10.869622664682531
False,piano,61,55,10.612252857142849,10.869622664682531
False,piano,95,61,10.340143809523802,10.883228117063483
True,piano,58,47,11.156470952380943,11.413840759920625
False,piano,58,52,11.156470952380943,11.413840759920625
True,piano,58,55,11.156470952380943,11.413840759920625
True,piano,95,60,10.884361904761896,11.427446212301577
False,piano,53,47,11.700689047619036,11.958058855158718
True,piano,53,52,11.700689047619036,11.958058855158718
False,piano,53,55,11.700689047619036,11.958058855158718
False,piano,87,59,11.42857999999999,11.97166430753967
False,piano,64,57,11.972798095238083,12.107718831349194
False,piano,64,51,12.24490714285713,12.379827878968241
True,piano,64,52,12.517016190476177,12.651936926587288
True,piano,64,55,12.517016190476177,12.651936926587288
False,piano,60,53,12.789125238095224,12.878694466269828
False,piano,60,54,12.87982825396824,12.969397482142844
False,piano,60,56,12.970531269841256,13.06010049801586
True,piano,64,59,13.061234285714272,13.189352295634908
True,piano,60,54,13.197288809523798,13.325406819444433
True,piano,60,52,13.333343333333323,13.461461343253958
False,piano,60,33,13.605452380952372,13.740373117063482
False,piano,60,40,13.605452380952372,13.740373117063482
False,piano,60,45,13.605452380952372,13.740373117063482
False,piano,60,57,13.877561428571418,14.01248216468253
False,piano,60,60,13.877561428571418,14.01248216468253
False,piano,60,52,14.149670476190465,14.284591212301576
False,piano,60,57,14.421779523809512,14.556700259920623
False,piano,60,60,14.421779523809512,14.556700259920623
True,piano,60,33,14.693888571428559,14.82880930753967
False,piano,60,40,14.693888571428559,14.82880930753967
True,piano,60,45,14.693888571428559,14.82880930753967
False,piano,60,57,14.965997619047606,15.100918355158717
False,piano,60,60,14.965997619047606,15.100918355158717
True,piano,60,52,15.238106666666653,15.373027402777764
True,piano,60,57,15.5102157142857,15.64513645039681
False,piano,60,60,15.5102157142857,15.64513645039681
False,piano,60,33,15.782324761904746,15.917245498015857
True,piano,60,40,15.782324761904746,15.917245498015857
True,piano,60,45,15.782324761904746,15.917245498015857
True,piano,60,57,16.054433809523793,16.189354545634906
False,piano,60,60,16.054433809523793,16.189354545634906
False,piano,60,52,16.326542857142844,16.461463593253956
False,piano,60,57,16.598651904761894,16.733572640873007
False,piano,60,60,16.598651904761894,16.733572640873007
True,piano,60,33,16.870760952380945,17.005681688492057
True,piano,60,40,16.870760952380945,17.005681688492057
True,piano,60,45,16.870760952380945,17.005681688492057
False,piano,60,57,17.142869999999995,17.277790736111108
False,piano,60,60,17.142869999999995,17.277790736111108
True,piano,60,52,17.414979047619045,17.549899783730158
False,piano,60,57,17.687088095238096,17.82200883134921
False,piano,60,60,17.687088095238096,17.82200883134921
False,piano,53,47,18.231306190476193,18.488675998015875
False,piano,53,52,18.231306190476193,18.488675998015875
True,piano,53,55,18.231306190476193,18.488675998015875
True,piano,79,59,17.959197142857146,18.50228145039683
False,piano,58,47,18.77552428571429,19.032894093253972
True,piano,58,52,18.77552428571429,19.032894093253972
False,piano,58,55,18.77552428571429,19.032894093253972
False,piano,87,60,18.503415238095243,19.046499545634926
False,piano,61,47,19.319742380952388,19.57711218849207
False,piano,61,52,19.319742380952388,19.57711218849207
False,piano,61,55,19.319742380952388,19.57711218849207
True,piano,95,61,19.04763333333334,19.590717640873024
False,piano,58,47,19.863960476190485,20.121330283730167
True,piano,58,52,19.863960476190485,20.121330283730167
True,piano,58,55,19.863960476190485,20.121330283730167
False,piano,95,60,19.591851428571438,20.13493573611112
False,piano,53,47,20.408178571428582,20.665548378968264
True,piano,53,52,20.408178571428582,20.665548378968264
False,piano,53,55,20.408178571428582,20.665548378968264
True,piano,87,59,20.136069523809535,20.67915383134922
True,piano,64,57,20.680287619047633,20.815208355158745
False,piano,64,51,20.952396666666683,21.087317402777796
False,piano,64,52,21.224505714285733,21.359426450396846
True,piano,64,55,21.224505714285733,21.359426450396846
True,piano,80,42,22.312941904761924,22.375300228174623
True,piano,80,36,22.32654735714288,22.461468093253988
True,piano,80,43,22.32654735714288,22.461468093253988
True,piano,80,55,22.58505095238097,22.719971688492084
True,piano,80,60,22.58505095238097,22.719971688492084
False,piano,80,64,22.58505095238097,22.719971688492084
False,piano,80,52,22.85716000000002,22.992080736111134
True,piano,80,58,22.85716000000002,22.992080736111134
False,piano,80,61,22.85716000000002,22.992080736111134
True,piano,80,58,23.129269047619072,23.264189783730185
False,piano,80,61,23.129269047619072,23.264189783730185
True,piano,80,65,23.129269047619072,23.264189783730185
False,piano,80,47,23.401378095238123,23.536298831349235
False,piano,80,53,23.401378095238123,23.536298831349235
True,piano,80,55,23.401378095238123,23.536298831349235
False,piano,80,55,23.673487142857173,23.808407878968286
True,piano,80,62,23.673487142857173,23.808407878968286
False,piano,64,54,23.945596190476223,24.007954513888922
True,piano,64,55,23.959201642857177,24.094122378968287
False,piano,60,43,24.21770523809527,24.352625974206383
True,piano,60,42,24.48981428571432,24.55217260912702
True,piano,60,36,24.503419738095275,24.638340474206384
True,piano,60,43,24.503419738095275,24.638340474206384
True,piano,60,55,24.761923333333367,24.89684406944448
True,piano,60,60,24.761923333333367,24.89684406944448
False,piano,60,64,24.761923333333367,24.89684406944448
False,piano,60,52,25.034032380952418,25.16895311706353
False,piano,60,58,25.034032380952418,25.16895311706353
False,piano,60,61,25.034032380952418,25.16895311706353
True,piano,60,58,25.30614142857147,25.44106216468258
False,piano,60,61,25.30614142857147,25.44106216468258
True,piano,60,65,25.30614142857147,25.44106216468258
False,piano,60,47,25.57825047619052,25.71317121230163
False,piano,60,53,25.57825047619052,25.71317121230163
False,piano,60,55,25.57825047619052,25.71317121230163
True,piano,60,55,25.85035952380957,25.985280259920682
False,piano,60,62,25.85035952380957,25.985280259920682
True,piano,83,54,26.12246857142862,26.18482689484132
True,piano,83,55,26.129271297619095,26.209770224206398
False,piano,72,43,26.394577619047666,26.52949835515878
True,piano,72,33,26.666686666666717,26.80160740277783
True,piano,72,40,26.666686666666717,26.80160740277783
True,piano,72,45,26.666686666666717,26.80160740277783
False,piano,72,57,26.938795714285767,27.07371645039688
False,piano,72,60,26.938795714285767,27.07371645039688
True,piano,72,50,27.210904761904818,27.34582549801593
True,piano,72,53,27.210904761904818,27.34582549801593
True,piano,72,58,27.210904761904818,27.34582549801593
False,piano,72,58,27.483013809523868,27.61793454563498
False,piano,77,62,27.483013809523868,27.61793454563498
True,piano,72,52,27.75512285714292,27.89004359325403
False,piano,72,56,27.75512285714292,27.89004359325403
True,piano,72,59,27.75512285714292,27.89004359325403
True,piano,72,59,28.02723190476197,28.16215264087308
True,piano,72,62,28.02723190476197,28.16215264087308
True,piano,72,64,28.02723190476197,28.16215264087308
False,piano,72,51,28.29934095238102,28.36169927579372
False,piano,72,52,28.312946404761973,28.447867140873083
False,piano,72,40,28.571450000000066,28.70637073611118
True,piano,72,33,28.843559047619117,28.97847978373023
True,piano,72,40,28.843559047619117,28.97847978373023
True,piano,72,45,28.843559047619117,28.97847978373023
True,piano,70,57,29.115668095238167,29.25058883134928
False,piano,70,60,29.115668095238167,29.25058883134928
True,piano,68,52,29.387777142857217,29.52269787896833
False,piano,66,57,29.659886190476268,29.79480692658738
False,piano,66,60,29.659886190476268,29.79480692658738
True,piano,64,40,29.93199523809532,30.06691597420643
True,piano,64,47,29.93199523809532,30.06691597420643
True,piano,64,52,29.93199523809532,30.06691597420643
True,piano,62,56,30.20410428571437,30.33902502182548
False,piano,62,59,30.20410428571437,30.33902502182548
True,piano,60,52,30.47621333333342,30.61113406944453
True,piano,60,56,30.74832238095247,30.883243117063582
False,piano,60,59,30.74832238095247,30.883243117063582
True,piano,60,33,31.02043142857152,31.155352164682633
True,piano,60,40,31.02043142857152,31.155352164682633
True,piano,60,45,31.02043142857152,31.155352164682633
True,piano,60,57,31.29254047619057,31.427461212301683
True,piano,60,60,31.29254047619057,31.427461212301683
True,piano,60,52,31.56464952380962,31.699570259920733
False,piano,60,57,31.83675857142867,31.971679307539784
True,piano,60,60,31.83675857142867,31.971679307539784
True,piano,60,33,32.10886761904772,32.243788355158834
False,piano,60,40,32.10886761904772,32.243788355158834
False,piano,60,45,32.10886761904772,32.243788355158834
True,piano,60,57,32.38097666666677,32.51589740277788
False,piano,60,60,32.38097666666677,32.51589740277788
True,piano,60,52,32.653085714285815,32.78800645039693
True,piano,63,57,32.92519476190486,33.060115498015975
False,piano,63,60,32.92519476190486,33.060115498015975
True,piano,66,33,33.19730380952391,33.33222454563502
False,piano,66,40,33.19730380952391,33.33222454563502
False,piano,66,45,33.19730380952391,33.33222454563502
False,piano,70,57,33.469412857142956,33.60433359325407
False,piano,70,60,33.469412857142956,33.60433359325407
True,piano,73,52,33.741521904762,33.876442640873115
True,piano,76,57,34.01363095238105,34.14855168849216
False,piano,76,60,34.01363095238105,34.14855168849216
False,piano,80,41,34.2857400000001,34.54310980753978
False,piano,80,48,34.2857400000001,34.54310980753978
True,piano,80,55,34.2857400000001,34.54310980753978
False,piano,80,60,34.55784904761914,34.815218855158825
False,piano,80,63,34.55784904761914,34.815218855158825
True,piano,80,67,34.55784904761914,34.815218855158825
True,piano,80,55,34.82995809523819,34.9648788313493
True,piano,80,60,34.82995809523819,34.9648788313493
True,piano,80,63,34.82995809523819,34.9648788313493
False,piano,80,60,35.10206714285724,35.23698787896835
True,piano,80,63,35.10206714285724,35.23698787896835
True,piano,80,67,35.10206714285724,35.23698787896835
False,piano,87,57,35.374176190476284,35.45921026785724
False,piano,90,59,35.4648792063493,35.549913283730255
True,piano,93,60,35.55558222222232,35.64061629960327
False,piano,97,61,35.64628523809534,35.73131931547629
True,piano,100,62,35.736988253968356,35.82202233134931
False,piano,104,64,35.827691269841374,35.91272534722233
False,piano,88,57,35.91839428571439,36.053315021825505
False,piano,88,62,35.91839428571439,36.053315021825505
True,piano,112,65,35.91839428571439,36.053315021825505
False,piano,93,47,36.19050333333344,36.32542406944455
False,piano,74,50,36.19050333333344,36.32542406944455
False,piano,84,45,36.462612380952486,36.54764645833344
True,piano,90,48,36.462612380952486,36.54764645833344
False,piano,93,50,36.553315396825504,36.63834947420646
False,piano,97,52,36.64401841269852,36.729052490079475
False,piano,101,53,36.73472142857154,36.81975550595249
True,piano,104,55,36.82542444444456,36.91045852182551
False,piano,108,57,36.916127460317576,37.00116153769853
True,piano,88,50,37.00683047619059,37.141751212301706
False,piano,88,53,37.00683047619059,37.141751212301706
False,piano,120,59,37.00683047619059,37.141751212301706
True,piano,88,41,37.27893952380964,37.41386025992075
True,piano,88,50,37.27893952380964,37.41386025992075
True,piano,95,53,37.27893952380964,37.41386025992075
False,piano,112,40,37.55104857142869,37.60433659325408
True,piano,112,52,37.55104857142869,37.60433659325408
True,piano,112,48,37.68710309523821,37.7403911170636
False,piano,112,28,37.82315761904773,37.87644564087312
False,piano,112,40,37.82315761904773,37.87644564087312
False,piano,112,40,38.095266666666774,38.14855468849217
False,piano,112,52,38.095266666666774,38.14855468849217
True,piano,112,47,38.231321190476294,38.28460921230169
False,piano,112,28,38.367375714285814,38.42066373611121
False,piano,112,40,38.367375714285814,38.42066373611121
False,piano,112,21,38.63948476190486,38.89685456944455
True,piano,112,33,38.63948476190486,38.89685456944455
True,piano,112,57,38.911593809523914,39.168963617063596
False,piano,112,37,39.18370285714296,39.318623593254074
True,piano,112,49,39.18370285714296,39.318623593254074
False,piano,112,35,39.45581190476201,39.59073264087312
True,piano,112,47,39.45581190476201,39.59073264087312
False,piano,112,33,39.727920952381055,39.985290759920744
False,piano,112,37,39.727920952381055,39.985290759920744
False,piano,112,40,39.727920952381055,39.985290759920744
True,piano,112,45,39.727920952381055,39.985290759920744
True,piano,112,55,40.00003000000011,40.12814800992074
False,piano,112,61,40.00003000000011,40.12814800992074
True,piano,112,64,40.00003000000011,40.12814800992074
False,piano,112,55,40.13608452380963,40.26420253373026
True,piano,112,61,40.13608452380963,40.26420253373026
True,piano,112,64,40.13608452380963,40.26420253373026
False,piano,112,55,40.27213904761915,40.40705978373026
True,piano,112,61,40.27213904761915,40.40705978373026
False,piano,112,64,40.27213904761915,40.40705978373026
True,piano,112,55,40.544248095238196,40.67916883134931
False,piano,112,61,40.544248095238196,40.67916883134931
False,piano,112,64,40.544248095238196,40.67916883134931
True,piano,112,33,40.81635714285724,41.07372695039693
True,piano,112,37,40.81635714285724,41.07372695039693
False,piano,112,40,40.81635714285724,41.07372695039693
True,piano,112,45,40.81635714285724,41.07372695039693
False,piano,112,55,41.088466190476296,41.21658420039693
False,piano,112,61,41.088466190476296,41.21658420039693
False,piano,112,64,41.088466190476296,41.21658420039693
False,piano,112,55,41.224520714285816,41.35263872420645
False,piano,112,61,41.224520714285816,41.35263872420645
True,piano,112,64,41.224520714285816,41.35263872420645
False,piano,112,55,41.360575238095336,41.49549597420645
True,piano,112,61,41.360575238095336,41.49549597420645
False,piano,112,64,41.360575238095336,41.49549597420645
True,piano,112,55,41.63268428571438,41.767605021825496
False,piano,112,61,41.63268428571438,41.767605021825496
True,piano,112,64,41.63268428571438,41.767605021825496
True,piano,112,26,41.90479333333343,42.16216314087311
False,piano,112,38,41.90479333333343,42.16216314087311
True,piano,112,38,42.17690238095248,42.30502039087311
True,piano,112,50,42.17690238095248,42.30502039087311
False,piano,112,38,42.312956904762,42.44107491468263
True,piano,112,50,42.312956904762,42.44107491468263
False,piano,112,39,42.44901142857152,42.58393216468263
False,piano,112,51,42.44901142857152,42.58393216468263
True,piano,112,27,42.72112047619056,42.856041212301676
False,piano,112,39,42.72112047619056,42.856041212301676
False,piano,112,28,42.99322952380961,43.25059933134929
True,piano,112,40,42.99322952380961,43.25059933134929
True,piano,112,40,43.26533857142866,43.52270837896834
False,piano,112,52,43.26533857142866,43.52270837896834
False,piano,112,37,43.537447619047704,43.67236835515882
False,piano,112,49,43.537447619047704,43.67236835515882
True,piano,112,35,43.80955666666675,43.94447740277786
True,piano,112,47,43.80955666666675,43.94447740277786
True,piano,112,33,44.0816657142858,44.33903552182549
True,piano,112,37,44.0816657142858,44.33903552182549
False,piano,112,40,44.0816657142858,44.33903552182549
False,piano,112,45,44.0816657142858,44.33903552182549
True,piano,112,55,44.35377476190485,44.481892771825486
True,piano,112,61,44.35377476190485,44.481892771825486
True,piano,112,64,44.35377476190485,44.481892771825486
True,piano,112,55,44.48982928571437,44.617947295635005
False,piano,112,61,44.48982928571437,44.617947295635005
False,piano,112,64,44.48982928571437,44.617947295635005
True,piano,112,55,44.62588380952389,44.760804545635004
False,piano,112,61,44.62588380952389,44.760804545635004
False,piano,112,64,44.62588380952389,44.760804545635004
False,piano,112,55,44.89799285714294,45.03291359325405
False,piano,112,61,44.89799285714294,45.03291359325405
True,piano,112,64,44.89799285714294,45.03291359325405
False,piano,112,33,45.170101904761985,45.427471712301674
True,piano,112,37,45.170101904761985,45.427471712301674
True,piano,112,40,45.170101904761985,45.427471712301674
False,piano,112,45,45.170101904761985,45.427471712301674
False,piano,112,55,45.44221095238104,45.57032896230167
False,piano,112,61,45.44221095238104,45.57032896230167
False,piano,112,64,45.44221095238104,45.57032896230167
True,piano,112,55,45.57826547619056,45.70638348611119
True,piano,112,61,45.57826547619056,45.70638348611119
False,piano,112,64,45.57826547619056,45.70638348611119
True,piano,112,55,45.71432000000008,45.84924073611119
True,piano,112,61,45.71432000000008,45.84924073611119
False,piano,112,64,45.71432000000008,45.84924073611119
False,piano,112,55,45.986429047619126,46.12134978373024
False,piano,112,61,45.986429047619126,46.12134978373024
True,piano,112,64,45.986429047619126,46.12134978373024
True,piano,112,26,46.25853809523817,46.515907902777855
True,piano,112,38,46.25853809523817,46.515907902777855
True,piano,112,38,46.53064714285722,46.65876515277785
True,piano,112,50,46.53064714285722,46.65876515277785
False,piano,112,38,46.66670166666674,46.79481967658737
True,piano,112,50,46.66670166666674,46.79481967658737
False,piano,112,40,46.80275619047626,46.93767692658737
False,piano,112,52,46.80275619047626,46.93767692658737
True,piano,112,28,47.074865238095306,47.20978597420642
False,piano,112,40,47.074865238095306,47.20978597420642
False,piano,112,33,47.34697428571435,47.604344093254035
False,piano,112,45,47.34697428571435,47.604344093254035
False,piano,112,21,47.6190833333334,47.87645314087308
True,piano,112,33,47.6190833333334,47.87645314087308
True,piano,112,47,47.89119238095245,48.01931039087308
False,piano,112,59,47.89119238095245,48.01931039087308
True,piano,112,45,48.02724690476197,48.1553649146826
False,piano,112,57,48.02724690476197,48.1553649146826
True,piano,112,44,48.163301428571486,48.29141943849212
False,piano,112,56,48.163301428571486,48.29141943849212
False,piano,112,45,48.299355952381006,48.42747396230164
False,piano,112,57,48.299355952381006,48.42747396230164
False,piano,112,21,48.435410476190526,48.69278028373021
True,piano,112,33,48.435410476190526,48.69278028373021
True,piano,112,55,48.70751952380957,48.964889331349255
False,piano,112,47,48.97962857142862,49.107746581349254
True,piano,112,59,48.97962857142862,49.107746581349254
False,piano,112,45,49.11568309523814,49.243801105158774
False,piano,112,57,49.11568309523814,49.243801105158774
False,piano,112,44,49.25173761904766,49.37985562896829
False,piano,112,56,49.25173761904766,49.37985562896829
True,piano,112,45,49.38779214285718,49.51591015277781
True,piano,112,57,49.38779214285718,49.51591015277781
False,piano,112,21,49.5238466666667,49.78121647420638
False,piano,112,33,49.5238466666667,49.78121647420638
False,piano,112,55,49.795955714285746,49.92407372420638
False,piano,112,61,49.795955714285746,49.92407372420638
False,piano,112,64,49.795955714285746,49.92407372420638
False,piano,112,55,49.932010238095266,50.0601282480159
True,piano,112,61,49.932010238095266,50.0601282480159
False,piano,112,64,49.932010238095266,50.0601282480159
True,piano,112,55,50.068064761904786,50.2029854980159
False,piano,112,61,50.068064761904786,50.2029854980159
False,piano,112,64,50.068064761904786,50.2029854980159
False,piano,112,55,50.34017380952383,50.475094545634946
True,piano,112,61,50.34017380952383,50.475094545634946
False,piano,112,64,50.34017380952383,50.475094545634946
True,piano,112,26,50.61228285714288,50.86965266468256
False,piano,112,38,50.61228285714288,50.86965266468256
True,piano,112,38,50.88439190476193,51.01250991468256
False,piano,112,50,50.88439190476193,51.01250991468256
False,piano,112,38,51.02044642857145,51.14856443849208
False,piano,112,50,51.02044642857145,51.14856443849208
False,piano,112,39,51.156500952380966,51.29142168849208
True,piano,112,51,51.156500952380966,51.29142168849208
True,piano,112,27,51.42861000000001,51.563530736111126
False,piano,112,39,51.42861000000001,51.563530736111126
False,piano,112,28,51.70071904761906,51.95808885515874
False,piano,112,40,51.70071904761906,51.95808885515874
False,piano,112,40,51.97282809523811,52.23019790277779
True,piano,112,52,51.97282809523811,52.23019790277779
False,piano,112,47,52.244937142857154,52.37305515277779
True,piano,112,59,52.244937142857154,52.37305515277779
False,piano,112,45,52.380991666666674,52.50910967658731
False,piano,112,57,52.380991666666674,52.50910967658731
True,piano,112,44,52.517046190476194,52.64516420039683
False,piano,112,56,52.517046190476194,52.64516420039683
True,piano,112,45,52.65310071428571,52.78121872420635
False,piano,112,57,52.65310071428571,52.78121872420635
False,piano,112,21,52.78915523809523,53.046525045634915
False,piano,112,33,52.78915523809523,53.046525045634915
False,piano,112,55,53.06126428571428,53.31863409325396
True,piano,112,47,53.33337333333333,53.46149134325396
False,piano,112,59,53.33337333333333,53.46149134325396
False,piano,112,45,53.46942785714285,53.59754586706348
True,piano,112,57,53.46942785714285,53.59754586706348
False,piano,112,44,53.60548238095237,53.733600390873
False,piano,112,56,53.60548238095237,53.733600390873
False,piano,112,45,53.74153690476189,53.86965491468252
False,piano,112,57,53.74153690476189,53.86965491468252
True,piano,112,21,53.87759142857141,54.13496123611109
False,piano,112,33,53.87759142857141,54.13496123611109
True,piano,112,55,54.14970047619045,54.27781848611109
True,piano,112,61,54.14970047619045,54.27781848611109
True,piano,112,64,54.14970047619045,54.27781848611109
False,piano,112,55,54.28575499999997,54.41387300992061
False,piano,112,61,54.28575499999997,54.41387300992061
True,piano,112,64,54.28575499999997,54.41387300992061
False,piano,112,55,54.42180952380949,54.556730259920606
True,piano,112,61,54.42180952380949,54.556730259920606
True,piano,112,64,54.42180952380949,54.556730259920606
True,piano,108,55,54.69391857142854,54.82883930753965
True,piano,108,61,54.69391857142854,54.82883930753965
False,piano,108,64,54.69391857142854,54.82883930753965
False,piano,104,26,54.96602761904759,55.22339742658727
True,piano,104,38,54.96602761904759,55.22339742658727
True,piano,100,38,55.238136666666634,55.36625467658727
True,piano,100,50,55.238136666666634,55.36625467658727
True,piano,98,38,55.374191190476154,55.50230920039679
True,piano,98,50,55.374191190476154,55.50230920039679
False,piano,96,40,55.510245714285674,55.645166450396786
True,piano,96,52,55.510245714285674,55.645166450396786
True,piano,92,28,55.78235476190472,55.91727549801583
False,piano,92,40,55.78235476190472,55.91727549801583
True,piano,88,33,56.05446380952377,56.31183361706345
False,piano,88,45,56.05446380952377,56.31183361706345
False,piano,88,21,56.326572857142814,56.583942664682496
False,piano,88,33,56.326572857142814,56.583942664682496
True,piano,88,56,56.58507645238091,56.64856856349202
True,piano,64,71,56.62589280952377,56.760813545634875
False,piano,64,57,57.142899999999955,57.27782073611107
False,piano,64,60,57.142899999999955,57.27782073611107
False,piano,64,61,57.415009047619,57.549929783730114
False,piano,64,54,57.68711809523805,57.82203883134916
True,piano,64,65,57.68711809523805,57.82203883134916
False,piano,64,66,57.959227142857095,58.09414787896821
True,piano,64,65,58.23133619047614,58.366256926587255
False,piano,64,67,58.23133619047614,58.366256926587255
False,piano,64,68,58.50344523809519,58.6383659742063
True,piano,64,61,58.775554285714236,58.91047502182535
False,piano,64,72,58.775554285714236,58.91047502182535
True,piano,64,73,59.04766333333328,59.182584069444395
True,piano,64,69,59.31977238095233,59.45469311706344
False,piano,64,72,59.31977238095233,59.45469311706344
False,piano,64,73,59.59188142857138,59.72680216468249
True,piano,64,66,59.86399047619042,59.998911212301536
False,piano,64,77,59.86399047619042,59.998911212301536
False,piano,64,78,60.13609952380947,60.27102025992058
False,piano,64,77,60.40820857142852,60.54312930753963
False,piano,64,79,60.40820857142852,60.54312930753963
False,piano,64,80,60.680317619047564,60.74721109325392
False,piano,64,54,61.49664476190471,61.631565498015824
False,piano,64,66,61.76875380952376,61.90367454563487
True,piano,64,69,61.76875380952376,61.90367454563487
True,piano,64,66,62.31297190476185,62.447892640872965
True,piano,64,69,62.31297190476185,62.447892640872965
True,piano,64,56,62.5850809523809,62.72000168849201
False,piano,64,64,62.857189999999946,62.99211073611106
True,piano,64,68,62.857189999999946,62.99211073611106
True,piano,64,64,63.40140809523804,63.53632883134915
True,piano,64,68,63.40140809523804,63.53632883134915
False,piano,89,61,61.49664476190471,63.61796154563487
True,piano,64,56,63.673517142857094,63.808437878968206
False,piano,64,63,63.94562619047614,64.08054692658725
False,piano,64,66,63.94562619047614,64.08054692658725
False,piano,64,63,64.48984428571423,64.62476502182534
False,piano,64,66,64.48984428571423,64.62476502182534
True,piano,79,60,63.673517142857094,64.76081954563486
False,piano,64,61,64.76195333333327,64.89687406944438
False,piano,64,64,64.76195333333327,64.89687406944438
False,piano,64,49,65.03406238095232,65.16898311706343
False,piano,69,56,65.30617142857137,65.43428943849202
False,piano,69,54,65.44222595238091,65.57034396230155
False,piano,69,53,65.57828047619044,65.70639848611108
True,piano,69,54,65.71433499999998,65.84245300992062
False,piano,69,57,65.85038952380951,65.98531025992062
False,piano,64,42,66.12249857142857,66.25741930753968
True,piano,64,49,66.12249857142857,66.25741930753968
False,piano,69,59,66.39460761904762,66.52272562896826
False,piano,69,57,66.53066214285715,66.6587801527778
True,piano,69,56,66.66671666666669,66.79483467658733
False,piano,69,57,66.80277119047622,66.93088920039686
False,piano,69,61,66.93882571428576,67.07374645039687
True,piano,64,44,67.21093476190481,67.34585549801592
True,piano,64,53,67.21093476190481,67.34585549801592
False,piano,69,62,67.48304380952386,67.6111618194445
False,piano,69,61,67.6190983333334,67.74721634325404
True,piano,69,60,67.75515285714293,67.88327086706357
True,piano,69,61,67.89120738095247,68.0193253908731
True,piano,69,68,68.027261904762,68.15537991468264
True,piano,64,61,68.027261904762,68.16218264087311
False,piano,69,66,68.16331642857152,68.29143443849216
False,piano,69,65,68.29937095238105,68.4274889623017
True,piano,64,57,68.29937095238105,68.43429168849217
False,piano,69,66,68.43542547619057,68.56354348611121
True,piano,69,68,68.57148000000011,68.69959800992075
True,piano,64,61,68.57148000000011,68.70640073611122
False,piano,69,66,68.70753452380963,68.83565253373027
True,piano,69,65,68.84358904761916,68.9717070575398
False,piano,64,57,68.84358904761916,68.97850978373027
False,piano,69,66,68.97964357142868,69.10776158134932
False,piano,64,61,69.11569809523822,69.25061883134933
True,piano,64,65,69.11569809523822,69.25061883134933
False,piano,69,69,69.11569809523822,69.25061883134933
True,piano,64,61,69.38780714285727,69.52272787896838
True,piano,69,68,69.38780714285727,69.52272787896838
False,piano,69,56,69.65991619047632,69.78803420039696
True,piano,69,54,69.79597071428586,69.9240887242065
False,piano,69,53,69.93202523809539,70.06014324801603
False,piano,69,54,70.06807976190493,70.19619777182557
False,piano,69,57,70.20413428571446,70.33905502182557
False,piano,64,42,70.47624333333351,70.61116406944463
True,piano,64,49,70.47624333333351,70.61116406944463
True,piano,69,59,70.74835238095257,70.87647039087321
False,piano,69,57,70.8844069047621,71.01252491468274
False,piano,69,56,71.02046142857164,71.14857943849228
True,piano,69,57,71.15651595238117,71.28463396230181
True,piano,69,61,71.2925704761907,71.42749121230182
True,piano,64,44,71.56467952380976,71.69960025992087
True,piano,64,52,71.56467952380976,71.69960025992087
True,piano,69,62,71.83678857142881,71.96490658134945
False,piano,69,61,71.97284309523835,72.10096110515899
False,piano,69,60,72.10889761904788,72.23701562896852
False,piano,69,61,72.24495214285741,72.37307015277806
False,piano,64,62,72.38100666666695,72.63837647420664
False,piano,64,65,72.38100666666695,72.63837647420664
True,piano,64,58,72.653115714286,72.78123372420664
False,piano,64,57,72.78917023809554,72.91728824801618
False,piano,64,63,72.92522476190507,73.06014549801618
True,piano,64,66,72.92522476190507,73.06014549801618
False,piano,64,56,73.19733380952412,73.33225454563524
False,piano,64,61,73.46944285714318,73.60436359325429
False,piano,64,64,73.46944285714318,73.60436359325429
True,piano,64,49,73.74155190476223,73.87647264087335
True,piano,69,61,74.01366095238129,74.27103075992098
False,piano,69,62,74.28577000000034,74.54313980754003
True,piano,64,63,74.5578790476194,74.62817388492098
False,piano,69,64,74.57148450000035,74.81524885515908
False,piano,64,57,74.5578790476194,75.07375245039718
False,piano,69,64,74.82998809523845,75.08735790277814
True,piano,69,66,75.1020971428575,75.23021515277814
False,piano,69,64,75.23815166666704,75.36626967658768
False,piano,69,62,75.37420619047657,75.50232420039721
True,piano,69,61,75.5102607142861,75.63837872420675
False,piano,64,58,75.64631523809564,75.86286868849245
True,piano,74,59,75.67352614285754,76.16218864087341
False,piano,64,52,75.91842428571468,76.17579409325437
False,piano,69,61,76.19053333333373,76.44790314087342
False,piano,69,62,76.46264238095279,76.72001218849248
True,piano,64,63,76.73475142857184,76.80504626587343
False,piano,69,64,76.7483568809528,76.99212123611153
True,piano,64,57,76.73475142857184,77.25062483134963
False,piano,69,64,77.0068604761909,77.26423028373058
False,piano,69,66,77.27896952380995,77.40708753373059
True,piano,69,64,77.41502404761948,77.54314205754012
False,piano,69,62,77.55107857142902,77.67919658134966
True,piano,69,61,77.68713309523855,77.81525110515919
True,piano,64,58,77.82318761904808,78.0397410694449
False,piano,74,59,77.85039852380999,78.33906102182586
False,piano,64,52,78.09529666666712,78.35266647420681
False,piano,64,59,78.36740571428618,78.50232645039729
False,piano,64,64,78.36740571428618,78.50232645039729
True,piano,66,68,78.63951476190523,78.77443549801635
False,piano,66,74,78.63951476190523,78.77443549801635
False,piano,69,57,78.91162380952429,79.0465445456354
False,piano,69,64,78.91162380952429,79.0465445456354
False,piano,72,69,79.18373285714334,79.31865359325445
True,piano,72,73,79.18373285714334,79.31865359325445
True,piano,74,58,79.4558419047624,79.5907626408735
False,piano,74,64,79.4558419047624,79.5907626408735
True,piano,77,67,79.72795095238145,79.86287168849256
False,piano,77,73,79.72795095238145,79.86287168849256
False,piano,80,59,80.0000600000005,80.13498073611161
True,piano,80,64,80.0000600000005,80.13498073611161
True,piano,76,68,80.27216904761956,80.40708978373067
True,piano,76,74,80.27216904761956,80.40708978373067
True,piano,72,74,80.54427809523861,80.67919883134972
False,piano,72,76,80.54427809523861,80.67919883134972
False,piano,68,64,80.81638714285766,80.95130787896878
False,piano,68,68,80.81638714285766,80.95130787896878
False,piano,64,73,81.08849619047672,81.22341692658783
True,piano,64,76,81.08849619047672,81.22341692658783
False,piano,64,69,81.36060523809577,81.49552597420688
False,piano,64,73,81.36060523809577,81.49552597420688
False,piano,64,72,81.63271428571483,81.76763502182594
True,piano,64,75,81.63271428571483,81.76763502182594
True,piano,64,78,81.63271428571483,81.76763502182594
False,piano,64,69,81.90482333333388,82.03974406944499
False,piano,64,72,81.90482333333388,82.03974406944499
False,piano,64,75,81.90482333333388,82.03974406944499
False,piano,64,73,82.17693238095293,82.31185311706405
True,piano,64,76,82.17693238095293,82.31185311706405
False,piano,64,79,82.17693238095293,82.31185311706405
True,piano,64,69,82.44904142857199,82.5839621646831
True,piano,64,73,82.44904142857199,82.5839621646831
False,piano,64,76,82.44904142857199,82.5839621646831
True,piano,64,80,82.72115047619104,82.84926848611168
False,piano,64,78,82.85720500000058,82.98532300992122
True,piano,64,77,82.99325952381011,83.12137753373075
False,piano,64,78,83.12931404761964,83.25743205754029
True,piano,64,81,83.26536857142918,83.52273837896887
False,piano,64,48,83.80958666666729,83.9445074027784
False,piano,64,54,83.80958666666729,83.9445074027784
False,piano,64,57,83.80958666666729,83.9445074027784
False,piano,54,54,84.08169571428634,84.21661645039745
False,piano,54,57,84.08169571428634,84.21661645039745
True,piano,64,64,84.08169571428634,84.21661645039745
True,piano,64,47,84.3538047619054,84.4887254980165
True,piano,64,53,84.3538047619054,84.4887254980165
False,piano,64,56,84.3538047619054,84.4887254980165
False,piano,54,53,84.62591380952445,84.76083454563556
False,piano,54,56,84.62591380952445,84.76083454563556
True,piano,64,61,84.62591380952445,84.76083454563556
False,piano,64,71,84.8980228571435,85.02614086706414
True,piano,64,69,85.03407738095304,85.16219539087368
True,piano,64,68,85.17013190476257,85.29824991468321
True,piano,64,69,85.3061864285721,85.43430443849275
False,piano,64,73,85.44224095238164,85.69961075992133
False,piano,64,50,85.98645904761975,86.12137978373086
False,piano,64,56,85.98645904761975,86.12137978373086
False,piano,64,59,85.98645904761975,86.12137978373086
True,piano,54,56,86.2585680952388,86.39348883134991
True,piano,54,59,86.2585680952388,86.39348883134991
True,piano,64,65,86.2585680952388,86.39348883134991
False,piano,64,49,86.53067714285785,86.66559787896897
True,piano,64,55,86.53067714285785,86.66559787896897
False,piano,64,58,86.53067714285785,86.66559787896897
False,piano,54,55,86.80278619047691,86.93770692658802
False,piano,54,58,86.80278619047691,86.93770692658802
False,piano,64,64,86.80278619047691,86.93770692658802
False,piano,64,80,87.07489523809596,87.2030132480166
False,piano,64,78,87.2109497619055,87.33906777182614
False,piano,64,77,87.34700428571503,87.47512229563567
False,piano,64,78,87.48305880952456,87.6111768194452
False,piano,64,83,87.6191133333341,87.87648314087379
True,piano,64,56,88.43544047619126,88.69281028373095
True,piano,64,59,88.43544047619126,88.69281028373095
False,piano,69,66,88.1633314285722,88.70641573611191
False,piano,64,56,88.97965857142937,89.23702837896906
False,piano,64,59,88.97965857142937,89.23702837896906
True,piano,69,64,88.70754952381031,89.25063383135002
False,piano,63,56,89.52387666666748,89.78124647420717
False,piano,63,59,89.52387666666748,89.78124647420717
True,piano,69,62,89.25176761904842,89.79485192658812
True,piano,60,38,90.06809476190558,90.32546456944527
False,piano,60,44,90.06809476190558,90.32546456944527
False,piano,66,60,89.79598571428653,90.33907002182623
False,piano,58,44,90.61231285714369,90.86968266468338
False,piano,58,49,90.61231285714369,90.86968266468338
False,piano,63,59,90.34020380952464,90.88328811706434
True,piano,80,54,90.88442190476275,90.93997750198497
False,piano,82,56,90.94451265277863,91.00006825000085
True,piano,85,57,91.00573718849292,91.06129278571514
True,piano,88,59,91.0658279365088,91.12138353373102
False,piano,90,60,91.12591868452468,91.1814742817469
False,piano,93,62,91.18714322023897,91.24269881746119
False,piano,96,64,91.24723396825485,91.30278956547707
False,piano,98,66,91.30732471627073,91.40029530754057
False,piano,101,68,91.36854925198502,91.42410484920724
True,piano,112,37,91.70074904761994,91.82886705754058
False,piano,112,49,91.70074904761994,91.82886705754058
True,piano,112,35,91.83680357142947,91.96492158135011
False,piano,112,47,91.83680357142947,91.96492158135011
False,piano,112,33,91.972858095239,92.2302279027787
False,piano,112,40,91.972858095239,92.2302279027787
False,piano,112,45,91.972858095239,92.2302279027787
False,piano,112,52,92.24496714285806,92.3730851527787
True,piano,112,57,92.24496714285806,92.3730851527787
False,piano,112,61,92.24496714285806,92.3730851527787
False,piano,112,64,92.24496714285806,92.3730851527787
True,piano,112,52,92.38102166666759,92.50913967658823
True,piano,112,57,92.38102166666759,92.50913967658823
True,piano,112,61,92.38102166666759,92.50913967658823
True,piano,112,64,92.38102166666759,92.50913967658823
True,piano,112,52,92.51707619047713,92.65199692658824
False,piano,112,57,92.51707619047713,92.65199692658824
False,piano,112,61,92.51707619047713,92.65199692658824
False,piano,112,64,92.51707619047713,92.65199692658824
False,piano,112,33,92.78918523809618,92.91730324801682
False,piano,112,45,92.78918523809618,92.91730324801682
True,piano,112,32,92.92523976190571,93.05335777182636
True,piano,112,44,92.92523976190571,93.05335777182636
True,piano,112,30,93.06129428571525,93.31866409325494
False,piano,112,42,93.06129428571525,93.31866409325494
False,piano,112,49,93.3334033333343,93.46152134325494
False,piano,112,54,93.3334033333343,93.46152134325494
True,piano,112,57,93.3334033333343,93.46152134325494
False,piano,112,61,93.3334033333343,93.46152134325494
False,piano,112,49,93.46945785714384,93.59757586706448
True,piano,112,54,93.46945785714384,93.59757586706448
False,piano,112,57,93.46945785714384,93.59757586706448
True,piano,112,61,93.46945785714384,93.59757586706448
True,piano,112,49,93.60551238095337,93.74043311706448
True,piano,112,54,93.60551238095337,93.74043311706448
True,piano,112,57,93.60551238095337,93.74043311706448
False,piano,112,61,93.60551238095337,93.74043311706448
False,piano,112,30,93.87762142857243,94.00573943849307
True,piano,112,42,93.87762142857243,94.00573943849307
True,piano,112,28,94.01367595238196,94.1417939623026
False,piano,112,40,94.01367595238196,94.1417939623026
True,piano,112,26,94.1497304761915,94.40710028373118
False,piano,112,38,94.1497304761915,94.40710028373118
True,piano,112,50,94.42183952381055,94.54995753373119
True,piano,112,54,94.42183952381055,94.54995753373119
False,piano,112,57,94.42183952381055,94.54995753373119
False,piano,112,60,94.42183952381055,94.54995753373119
True,piano,112,50,94.55789404762008,94.68601205754072
False,piano,112,54,94.55789404762008,94.68601205754072
True,piano,112,57,94.55789404762008,94.68601205754072
False,piano,112,60,94.55789404762008,94.68601205754072
False,piano,112,50,94.69394857142962,94.82886930754073
False,piano,112,54,94.69394857142962,94.82886930754073
False,piano,112,57,94.69394857142962,94.82886930754073
True,piano,112,60,94.69394857142962,94.82886930754073
False,piano,112,28,94.96605761904867,95.09417562896931
True,piano,112,40,94.96605761904867,95.09417562896931
True,piano,112,26,95.1021121428582,95.23023015277884
False,piano,112,38,95.1021121428582,95.23023015277884
False,piano,112,25,95.23816666666774,95.49553647420743
True,piano,112,37,95.23816666666774,95.49553647420743
True,piano,112,49,95.51027571428679,95.63839372420743
False,piano,112,53,95.51027571428679,95.63839372420743
False,piano,112,56,95.51027571428679,95.63839372420743
True,piano,112,61,95.51027571428679,95.63839372420743
True,piano,112,49,95.64633023809633,95.77444824801697
False,piano,112,53,95.64633023809633,95.77444824801697
False,piano,112,56,95.64633023809633,95.77444824801697
False,piano,112,61,95.64633023809633,95.77444824801697
False,piano,112,49,95.78238476190586,95.91730549801697
True,piano,112,53,95.78238476190586,95.91730549801697
False,piano,112,56,95.78238476190586,95.91730549801697
True,piano,112,61,95.78238476190586,95.91730549801697
False,piano,112,26,96.05449380952491,96.18261181944555
True,piano,112,38,96.05449380952491,96.18261181944555
True,piano,112,25,96.19054833333445,96.31866634325509
True,piano,112,37,96.19054833333445,96.31866634325509
True,piano,112,23,96.32660285714398,96.58397266468367
False,piano,112,35,96.32660285714398,96.58397266468367
False,piano,112,49,96.59871190476304,96.72682991468368
False,piano,112,53,96.59871190476304,96.72682991468368
False,piano,112,56,96.59871190476304,96.72682991468368
False,piano,112,61,96.59871190476304,96.72682991468368
False,piano,112,49,96.73476642857257,96.86288443849321
False,piano,112,53,96.73476642857257,96.86288443849321
False,piano,112,56,96.73476642857257,96.86288443849321
False,piano,112,61,96.73476642857257,96.86288443849321
False,piano,112,49,96.8708209523821,97.00574168849322
False,piano,112,53,96.8708209523821,97.00574168849322
False,piano,112,56,96.8708209523821,97.00574168849322
False,piano,112,61,96.8708209523821,97.00574168849322
False,piano,112,25,97.14293000000116,97.2710480099218
False,piano,112,37,97.14293000000116,97.2710480099218
False,piano,112,23,97.27898452381069,97.40710253373133
False,piano,112,35,97.27898452381069,97.40710253373133
False,piano,112,21,97.41503904762023,97.67240885515992
False,piano,112,33,97.41503904762023,97.67240885515992
False,piano,112,49,97.68714809523928,97.81526610515992
True,piano,112,54,97.68714809523928,97.81526610515992
False,piano,112,57,97.68714809523928,97.81526610515992
False,piano,112,61,97.68714809523928,97.81526610515992
True,piano,112,49,97.82320261904881,97.95132062896946
True,piano,112,54,97.82320261904881,97.95132062896946
True,piano,112,57,97.82320261904881,97.95132062896946
True,piano,112,61,97.82320261904881,97.95132062896946
True,piano,112,49,97.95925714285835,98.09417787896946
True,piano,112,54,97.95925714285835,98.09417787896946
True,piano,112,57,97.95925714285835,98.09417787896946
True,piano,112,61,97.95925714285835,98.09417787896946
True,piano,112,33,98.2313661904774,98.320935418652
True,piano,112,34,98.3220692063504,98.411638434525
True,piano,112,37,98.41277222222341,98.502341450398
True,piano,112,27,98.50347523809641,98.63839597420753
False,piano,112,39,98.50347523809641,98.63839597420753
True,piano,112,39,98.77558428571547,98.91050502182658
True,piano,112,51,98.77558428571547,98.91050502182658
False,piano,112,40,99.04769333333452,99.18261406944563
True,piano,112,44,99.04769333333452,99.18261406944563
True,piano,112,47,99.04769333333452,99.18261406944563
False,piano,112,52,99.04769333333452,99.18261406944563
False,piano,112,25,99.31980238095358,99.44792039087422
False,piano,112,37,99.31980238095358,99.44792039087422
False,piano,112,23,99.45585690476311,99.58397491468375
True,piano,112,35,99.45585690476311,99.58397491468375
False,piano,112,21,99.59191142857264,100.10778483135041
False,piano,112,33,99.59191142857264,100.10778483135041
True,piano,72,60,100.13612952381074,100.27105025992185
False,piano,72,63,100.13612952381074,100.27105025992185
True,piano,72,69,100.13612952381074,100.27105025992185
False,piano,72,63,100.40823857142979,100.5431593075409
False,piano,72,66,100.40823857142979,100.5431593075409
False,piano,72,71,100.40823857142979,100.5431593075409
False,piano,72,64,100.68034761904885,100.81526835515996
True,piano,72,69,100.68034761904885,100.81526835515996
False,piano,72,73,100.68034761904885,100.81526835515996
False,piano,72,52,100.9524566666679,101.08737740277901
True,piano,72,61,100.9524566666679,101.08737740277901
False,piano,72,64,100.9524566666679,101.08737740277901
False,piano,72,60,101.22456571428695,101.35948645039807
False,piano,72,63,101.22456571428695,101.35948645039807
True,piano,72,69,101.22456571428695,101.35948645039807
False,piano,72,63,101.49667476190601,101.63159549801712
False,piano,72,66,101.49667476190601,101.63159549801712
True,piano,72,71,101.49667476190601,101.63159549801712
True,piano,72,64,101.76878380952506,101.90370454563617
True,piano,72,69,101.76878380952506,101.90370454563617
False,piano,72,73,101.76878380952506,101.90370454563617
False,piano,72,64,102.04089285714412,102.17581359325523
True,piano,72,68,102.04089285714412,102.17581359325523
False,piano,72,71,102.04089285714412,102.17581359325523
True,piano,72,61,102.31300190476317,102.44792264087428
False,piano,72,64,102.31300190476317,102.44792264087428
False,piano,72,69,102.31300190476317,102.44792264087428
False,piano,72,61,102.58511095238222,102.72003168849334
False,piano,72,65,102.58511095238222,102.72003168849334
False,piano,72,68,102.58511095238222,102.72003168849334
False,piano,72,59,102.85722000000128,102.99214073611239
True,piano,72,62,102.85722000000128,102.99214073611239
False,piano,72,66,102.85722000000128,102.99214073611239
False,piano,72,59,103.12932904762033,103.26424978373144
False,piano,72,62,103.12932904762033,103.26424978373144
False,piano,72,68,103.12932904762033,103.26424978373144
True,piano,72,62,103.40143809523939,103.5363588313505
True,piano,72,66,103.40143809523939,103.5363588313505
True,piano,72,69,103.40143809523939,103.5363588313505
True,piano,72,62,103.67354714285844,103.80846787896955
True,piano,72,66,103.67354714285844,103.80846787896955
True,piano,72,71,103.67354714285844,103.80846787896955
False,piano,72,62,103.9456561904775,104.0805769265886
False,piano,72,64,103.9456561904775,104.0805769265886
False,piano,72,68,103.9456561904775,104.0805769265886
True,piano,72,56,104.21776523809655,104.35268597420766
False,piano,72,62,104.21776523809655,104.35268597420766
True,piano,72,64,104.21776523809655,104.35268597420766
True,piano,108,60,104.4898742857156,104.62479502182671
False,piano,108,63,104.4898742857156,104.62479502182671
True,piano,108,69,104.4898742857156,104.62479502182671
True,piano,108,63,104.76198333333465,104.89690406944577
True,piano,108,66,104.76198333333465,104.89690406944577
True,piano,108,71,104.76198333333465,104.89690406944577
True,piano,108,64,105.03409238095371,105.16901311706482
True,piano,108,69,105.03409238095371,105.16901311706482
False,piano,108,73,105.03409238095371,105.16901311706482
True,piano,72,52,105.30620142857276,105.48647367262038
False,piano,72,61,105.30620142857276,105.48647367262038
True,piano,72,64,105.30620142857276,105.48647367262038
True,piano,72,60,105.5783104761918,105.71323121230292
True,piano,72,63,105.5783104761918,105.71323121230292
True,piano,72,69,105.5783104761918,105.71323121230292
False,piano,72,63,105.85041952381086,105.98534025992197
True,piano,72,66,105.85041952381086,105.98534025992197
False,piano,72,71,105.85041952381086,105.98534025992197
True,piano,72,64,106.12252857142991,106.25744930754102
True,piano,72,69,106.12252857142991,106.25744930754102
False,piano,72,73,106.12252857142991,106.25744930754102
True,piano,72,64,106.39463761904896,106.52955835516008
False,piano,72,68,106.39463761904896,106.52955835516008
False,piano,72,71,106.39463761904896,106.52955835516008
False,piano,72,61,106.66674666666802,106.80166740277913
False,piano,72,64,106.66674666666802,106.80166740277913
True,piano,72,69,106.66674666666802,106.80166740277913
False,piano,72,61,106.93885571428707,107.07377645039819
True,piano,72,65,106.93885571428707,107.07377645039819
True,piano,72,68,106.93885571428707,107.07377645039819
False,piano,72,59,107.21096476190613,107.34588549801724
True,piano,72,62,107.21096476190613,107.34588549801724
False,piano,72,66,107.21096476190613,107.34588549801724
False,piano,72,62,107.48307380952518,107.6179945456363
False,piano,72,66,107.48307380952518,107.6179945456363
False,piano,72,71,107.48307380952518,107.6179945456363
True,piano,72,62,107.75518285714423,107.89010359325535
True,piano,72,64,107.75518285714423,107.89010359325535
True,piano,72,68,107.75518285714423,107.89010359325535
False,piano,72,56,108.02729190476329,108.1622126408744
True,piano,72,62,108.02729190476329,108.1622126408744
True,piano,72,64,108.02729190476329,108.1622126408744
False,piano,72,61,108.29940095238234,108.47967319642996
True,piano,72,64,108.29940095238234,108.47967319642996
True,piano,72,69,108.29940095238234,108.47967319642996
False,piano,72,57,108.57151000000138,108.751782244049
False,piano,72,61,108.57151000000138,108.751782244049
False,piano,72,64,108.57151000000138,108.751782244049
False,piano,91,52,108.84361904762042,108.95132887896962
False,piano,72,57,109.11572809523946,109.25064883135057
False,piano,72,63,109.11572809523946,109.25064883135057
True,piano,108,53,108.87082995238232,109.3867033551601
True,piano,91,51,109.3878371428585,109.60439059325532
False,piano,72,57,109.65994619047754,109.79486692658865
False,piano,72,60,109.65994619047754,109.79486692658865
False,piano,72,45,109.9320552380966,110.06697597420771
True,piano,72,57,110.20416428571565,110.33908502182676
False,piano,72,60,110.20416428571565,110.33908502182676
True,piano,72,51,110.4762733333347,110.61119406944582
False,piano,72,57,110.74838238095376,110.88330311706487
True,piano,72,60,110.74838238095376,110.88330311706487
False,piano,72,45,111.02049142857281,111.15541216468392
False,piano,72,57,111.29260047619186,111.42752121230298
False,piano,72,60,111.29260047619186,111.42752121230298
False,piano,72,51,111.56470952381092,111.69963025992203
False,piano,72,57,111.83681857142997,111.97173930754109
False,piano,72,60,111.83681857142997,111.97173930754109
False,piano,72,45,112.10892761904903,112.24384835516014
True,piano,72,57,112.38103666666808,112.5159574027792
False,piano,72,60,112.38103666666808,112.5159574027792
False,piano,72,51,112.65314571428713,112.78806645039825
True,piano,72,57,112.92525476190619,113.0601754980173
True,piano,72,60,112.92525476190619,113.0601754980173
False,piano,72,45,113.19736380952524,113.33228454563636
True,piano,108,52,109.40371017063627,113.57604890079509
False,piano,72,57,113.4694728571443,113.60439359325541
False,piano,72,60,113.4694728571443,113.60439359325541
True,piano,72,52,113.74158190476335,113.87650264087446
True,piano,72,64,114.0136909523824,114.14861168849352
False,piano,72,67,114.0136909523824,114.14861168849352
True,piano,72,53,114.28580000000146,114.42072073611257
True,piano,72,63,114.55790904762051,114.69282978373163
True,piano,72,69,114.55790904762051,114.69282978373163
True,piano,72,52,114.83001809523957,114.96493883135068
False,piano,72,64,115.10212714285862,115.23704787896973
True,piano,72,67,115.10212714285862,115.23704787896973
False,piano,72,53,115.37423619047767,115.50915692658879
False,piano,72,63,115.64634523809673,115.78126597420784
False,piano,72,69,115.64634523809673,115.78126597420784
False,piano,72,52,115.91845428571578,116.0533750218269
False,piano,72,64,116.19056333333484,116.32548406944595
False,piano,72,67,116.19056333333484,116.32548406944595
True,piano,72,53,116.46267238095389,116.597593117065
True,piano,72,63,116.73478142857294,116.86970216468406
False,piano,72,69,116.73478142857294,116.86970216468406
True,piano,116,59,113.74158190476335,116.89691306944596
False,piano,72,52,117.00689047619198,117.1418112123031
False,piano,72,64,117.27899952381104,117.41392025992215
True,piano,72,67,117.27899952381104,117.41392025992215
True,piano,91,52,117.55110857143009,117.65881840277929
False,piano,72,57,117.82321761904913,117.95813835516024
False,piano,72,63,117.82321761904913,117.95813835516024
True,piano,108,53,117.578319476192,118.09419287896976
True,piano,91,51,118.09532666666817,118.31188011706499
True,piano,72,57,118.36743571428721,118.50235645039832
True,piano,72,60,118.36743571428721,118.50235645039832
False,piano,72,45,118.63954476190627,118.77446549801738
False,piano,72,57,118.91165380952532,119.04657454563643
True,piano,72,60,118.91165380952532,119.04657454563643
True,piano,72,51,119.18376285714437,119.31868359325549
True,piano,72,57,119.45587190476343,119.59079264087454
True,piano,72,60,119.45587190476343,119.59079264087454
False,piano,72,45,119.72798095238248,119.8629016884936
True,piano,72,57,120.00009000000153,120.13501073611265
False,piano,72,60,120.00009000000153,120.13501073611265
True,piano,72,51,120.27219904762059,120.4071197837317
True,piano,72,57,120.54430809523964,120.67922883135076
False,piano,72,60,120.54430809523964,120.67922883135076
True,piano,72,45,120.8164171428587,120.95133787896981
False,piano,72,57,121.08852619047775,121.22344692658886
False,piano,72,60,121.08852619047775,121.22344692658886
False,piano,72,51,121.3606352380968,121.49555597420792
True,piano,72,57,121.63274428571586,121.76766502182697
True,piano,72,60,121.63274428571586,121.76766502182697
True,piano,72,45,121.90485333333491,122.03977406944603
False,piano,108,52,118.11119969444594,122.28353842460476
False,piano,72,57,122.17696238095397,122.31188311706508
False,piano,72,60,122.17696238095397,122.31188311706508
False,piano,72,52,122.44907142857302,122.58399216468413
True,piano,72,64,122.72118047619207,122.85610121230319
True,piano,72,67,122.72118047619207,122.85610121230319
True,piano,72,53,122.99328952381113,123.12821025992224
False,piano,72,63,123.26539857143018,123.4003193075413
False,piano,72,69,123.26539857143018,123.4003193075413
False,piano,72,52,123.53750761904924,123.67242835516035
False,piano,72,64,123.80961666666829,123.9445374027794
False,piano,72,67,123.80961666666829,123.9445374027794
False,piano,72,53,124.08172571428734,124.21664645039846
False,piano,72,63,124.3538347619064,124.48875549801751
False,piano,72,69,124.3538347619064,124.48875549801751
True,piano,72,52,124.62594380952545,124.76086454563657
True,piano,72,64,124.8980528571445,125.03297359325562
True,piano,72,67,124.8980528571445,125.03297359325562
False,piano,72,53,125.17016190476356,125.30508264087467
False,piano,72,63,125.44227095238261,125.57719168849373
True,piano,72,69,125.44227095238261,125.57719168849373
False,piano,116,59,122.44907142857302,125.60440259325563
False,piano,72,52,125.71438000000165,125.84930073611277
False,piano,72,64,125.98648904762071,126.12140978373182
True,piano,72,67,125.98648904762071,126.12140978373182
True,piano,72,67,126.25859809523976,126.39351883135087
False,piano,72,73,126.25859809523976,126.39351883135087
False,piano,72,74,126.53070714285882,126.66562787896993
True,piano,72,77,126.53070714285882,126.66562787896993
False,piano,72,60,126.80281619047787,126.93773692658898
False,piano,72,66,126.80281619047787,126.93773692658898
True,piano,72,67,127.07492523809692,127.20984597420804
True,piano,72,72,127.07492523809692,127.20984597420804
True,piano,72,72,127.34703428571598,127.48195502182709
True,piano,72,78,127.34703428571598,127.48195502182709
True,piano,72,79,127.61914333333503,127.75406406944614
True,piano,72,84,127.61914333333503,127.75406406944614
True,piano,72,79,127.89125238095409,128.16222764087473
False,piano,77,85,127.89125238095409,128.16222764087473
True,piano,72,71,128.16336142857315,128.29828216468428
True,piano,72,78,128.16336142857315,128.29828216468428
False,piano,72,67,128.43547047619222,128.57039121230332
False,piano,72,73,128.43547047619222,128.57039121230332
False,piano,72,74,128.70757952381126,128.84250025992236
True,piano,72,77,128.70757952381126,128.84250025992236
False,piano,72,60,128.9796885714303,129.1146093075414
False,piano,72,66,128.9796885714303,129.1146093075414
True,piano,72,67,129.25179761904934,129.38671835516044
False,piano,72,72,129.25179761904934,129.38671835516044
False,piano,72,72,129.52390666666838,129.65882740277948
False,piano,72,78,129.52390666666838,129.65882740277948
False,piano,72,79,129.79601571428742,129.93093645039852
True,piano,72,84,129.79601571428742,129.93093645039852
False,piano,72,79,130.06812476190646,130.33910002182708
False,piano,77,85,130.06812476190646,130.33910002182708
False,piano,72,71,130.3402338095255,130.47515454563663
True,piano,72,78,130.3402338095255,130.47515454563663
True,piano,72,64,130.61234285714457,130.74726359325567
True,piano,72,70,130.61234285714457,130.74726359325567
True,piano,72,71,130.8844519047636,131.0193726408747
False,piano,72,74,130.8844519047636,131.0193726408747
True,piano,72,57,131.15656095238265,131.29148168849375
True,piano,72,63,131.15656095238265,131.29148168849375
True,piano,72,64,131.4286700000017,131.5635907361128
True,piano,72,69,131.4286700000017,131.5635907361128
False,piano,72,69,131.70077904762073,131.83569978373183
False,piano,72,75,131.70077904762073,131.83569978373183
True,piano,72,76,131.97288809523977,132.10780883135087
False,piano,72,81,131.97288809523977,132.10780883135087
True,piano,72,76,132.2449971428588,132.51597240277943
True,piano,77,82,132.2449971428588,132.51597240277943
False,piano,72,68,132.51710619047785,132.65202692658897
True,piano,72,75,132.51710619047785,132.65202692658897
False,piano,72,64,132.78921523809692,132.924135974208
False,piano,72,70,132.78921523809692,132.924135974208
False,piano,72,71,133.06132428571595,133.19624502182705
False,piano,72,74,133.06132428571595,133.19624502182705
False,piano,72,57,133.333433333335,133.4683540694461
False,piano,72,63,133.333433333335,133.4683540694461
True,piano,72,64,133.60554238095403,133.74046311706513
True,piano,72,69,133.60554238095403,133.74046311706513
False,piano,72,69,133.87765142857307,134.01257216468417
False,piano,72,75,133.87765142857307,134.01257216468417
False,piano,72,76,134.1497604761921,134.2846812123032
True,piano,72,81,134.1497604761921,134.2846812123032
False,piano,72,77,134.42186952381115,134.55679025992225
False,piano,72,80,134.42186952381115,134.55679025992225
True,piano,72,83,134.42186952381115,134.55679025992225
False,piano,72,86,134.42186952381115,134.55679025992225
False,piano,115,33,140.95248666666828,141.1327589107159
False,piano,115,40,140.95248666666828,141.1327589107159
True,piano,115,45,140.95248666666828,141.1327589107159
False,piano,96,57,141.22459571428732,141.35951645039842
True,piano,96,60,141.22459571428732,141.35951645039842
False,piano,96,52,141.49670476190636,141.63162549801746
True,piano,96,57,141.7688138095254,141.9037345456365
False,piano,96,60,141.7688138095254,141.9037345456365
False,piano,115,31,142.04092285714444,142.22119510119205
False,piano,115,40,142.04092285714444,142.22119510119205
False,piano,115,43,142.04092285714444,142.22119510119205
True,piano,96,57,142.31303190476348,142.44795264087458
True,piano,96,60,142.31303190476348,142.44795264087458
False,piano,96,52,142.58514095238252,142.72006168849362
True,piano,96,57,142.85725000000156,142.99217073611266
True,piano,96,60,142.85725000000156,142.99217073611266
True,piano,115,30,143.1293590476206,143.3096312916682
True,piano,115,42,143.1293590476206,143.3096312916682
True,piano,96,57,143.40146809523964,143.53638883135073
True,piano,96,60,143.40146809523964,143.53638883135073
True,piano,96,52,143.67357714285868,143.80849787896977
True,piano,96,57,143.94568619047772,144.0806069265888
False,piano,96,60,143.94568619047772,144.0806069265888
False,piano,126,29,144.21779523809676,144.47516504563643
False,piano,126,36,144.21779523809676,144.47516504563643
False,piano,126,41,144.21779523809676,144.47516504563643
True,piano,115,60,144.4899042857158,144.74727409325547
False,piano,115,63,144.4899042857158,144.74727409325547
True,piano,115,67,144.4899042857158,144.74727409325547
False,piano,108,55,144.76201333333483,145.0193831408745
False,piano,108,60,144.76201333333483,145.0193831408745
True,piano,108,63,144.76201333333483,145.0193831408745
True,piano,108,60,145.03412238095387,145.29149218849355
True,piano,108,63,145.03412238095387,145.29149218849355
True,piano,108,67,145.03412238095387,145.29149218849355
False,piano,108,51,145.30623142857291,145.5636012361126
False,piano,108,54,145.30623142857291,145.5636012361126
True,piano,108,57,145.30623142857291,145.5636012361126
True,piano,108,60,145.30623142857291,145.5636012361126
False,piano,108,63,145.30623142857291,145.5636012361126
False,piano,108,35,145.57834047619195,145.70645848611258
False,piano,108,42,145.57834047619195,145.70645848611258
False,piano,108,47,145.57834047619195,145.70645848611258
False,piano,108,35,145.71439500000147,145.8425130099221
False,piano,108,42,145.71439500000147,145.8425130099221
True,piano,108,47,145.71439500000147,145.8425130099221
False,piano,108,35,145.850449523811,145.9853702599221
True,piano,108,42,145.850449523811,145.9853702599221
False,piano,108,47,145.850449523811,145.9853702599221
True,piano,108,35,146.12255857143003,146.25747930754113
False,piano,108,42,146.12255857143003,146.25747930754113
True,piano,108,47,146.12255857143003,146.25747930754113
True,piano,126,36,146.39466761904907,146.44795564087448
False,piano,126,48,146.39466761904907,146.44795564087448
True,piano,126,45,146.53072214285862,146.58401016468403
True,piano,126,24,146.66677666666817,146.72006468849358
True,piano,126,36,146.66677666666817,146.72006468849358
False,piano,126,38,146.93888571428724,146.99217373611265
True,piano,126,50,146.93888571428724,146.99217373611265
False,piano,126,47,147.0749402380968,147.1282282599222
False,piano,126,26,147.21099476190633,147.26428278373174
False,piano,126,38,147.21099476190633,147.26428278373174
True,piano,126,40,147.4831038095254,147.5363918313508
False,piano,126,52,147.4831038095254,147.5363918313508
True,piano,126,48,147.61915833333495,147.67244635516036
False,piano,126,28,147.7552128571445,147.8085008789699
False,piano,126,40,147.7552128571445,147.8085008789699
True,piano,126,40,148.02732190476357,148.08060992658898
False,piano,126,52,148.02732190476357,148.08060992658898
False,piano,126,47,148.16337642857312,148.21666445039853
True,piano,126,28,148.29943095238266,148.35271897420807
True,piano,126,40,148.29943095238266,148.35271897420807
False,piano,126,21,148.57154000000173,149.0874134027795
False,piano,126,33,148.57154000000173,149.0874134027795
False,piano,96,49,149.1157580952398,149.24387610516044
False,piano,96,61,149.1157580952398,149.24387610516044
True,piano,96,50,149.25181261904933,149.37993062896996
False,piano,96,62,149.25181261904933,149.37993062896996
True,piano,96,49,149.38786714285885,149.51598515277948
False,piano,96,61,149.38786714285885,149.51598515277948
True,piano,96,47,149.52392166666837,149.652039676589
False,piano,96,59,149.52392166666837,149.652039676589
True,piano,96,45,149.6599761904779,149.78809420039852
True,piano,96,57,149.6599761904779,149.78809420039852
False,piano,96,47,149.7960307142874,149.92414872420804
False,piano,96,59,149.7960307142874,149.92414872420804
True,piano,96,45,149.93208523809693,150.06020324801756
False,piano,96,57,149.93208523809693,150.06020324801756
True,piano,96,44,150.06813976190645,150.19625777182708
False,piano,96,56,150.06813976190645,150.19625777182708
True,piano,96,42,150.20419428571597,150.3323122956366
True,piano,96,54,150.20419428571597,150.3323122956366
False,piano,96,45,150.3402488095255,150.46836681944612
True,piano,96,57,150.3402488095255,150.46836681944612
False,piano,96,44,150.476303333335,150.60442134325564
True,piano,96,56,150.476303333335,150.60442134325564
False,piano,96,42,150.61235785714453,150.74047586706516
False,piano,96,54,150.61235785714453,150.74047586706516
False,piano,96,41,150.74841238095405,150.87653039087468
False,piano,96,53,150.74841238095405,150.87653039087468
False,piano,96,42,150.88446690476357,151.0125849146842
True,piano,96,54,150.88446690476357,151.0125849146842
False,piano,96,44,151.0205214285731,151.14863943849372
True,piano,96,56,151.0205214285731,151.14863943849372
True,piano,96,41,151.1565759523826,151.28469396230324
False,piano,96,53,151.1565759523826,151.28469396230324
False,piano,96,37,151.29263047619213,151.42074848611276
False,piano,96,49,151.29263047619213,151.42074848611276
False,piano,96,39,151.42868500000165,151.55680300992228
True,piano,96,51,151.42868500000165,151.55680300992228
True,piano,96,41,151.56473952381117,151.6928575337318
False,piano,96,53,151.56473952381117,151.6928575337318
False,piano,96,37,151.7007940476207,151.82891205754132
True,piano,96,49,151.7007940476207,151.82891205754132
False,piano,96,42,151.8368485714302,151.96496658135084
False,piano,96,54,151.8368485714302,151.96496658135084
False,piano,96,41,151.97290309523973,152.10102110516036
False,piano,96,53,151.97290309523973,152.10102110516036
False,piano,96,42,152.10895761904925,152.23707562896988
True,piano,96,54,152.10895761904925,152.23707562896988
True,piano,96,44,152.24501214285877,152.3731301527794
False,piano,96,56,152.24501214285877,152.3731301527794
True,piano,96,45,152.3810666666683,152.50918467658892
False,piano,96,57,152.3810666666683,152.50918467658892
True,piano,96,44,152.5171211904778,152.64523920039844
False,piano,96,56,152.5171211904778,152.64523920039844
True,piano,96,45,152.65317571428733,152.78129372420796
False,piano,96,57,152.65317571428733,152.78129372420796
True,piano,96,47,152.78923023809685,152.91734824801748
True,piano,96,59,152.78923023809685,152.91734824801748
True,piano,96,49,152.92528476190637,153.053402771827
True,piano,96,61,152.92528476190637,153.053402771827
True,piano,96,48,153.0613392857159,153.18945729563652
False,piano,96,60,153.0613392857159,153.18945729563652
False,piano,96,49,153.1973938095254,153.32551181944604
False,piano,96,61,153.1973938095254,153.32551181944604
True,piano,96,48,153.33344833333493,153.46156634325556
False,piano,96,60,153.33344833333493,153.46156634325556
True,piano,96,37,153.46950285714445,153.59762086706507
True,piano,96,49,153.46950285714445,153.59762086706507
True,piano,97,38,153.60555738095397,153.7336753908746
False,piano,97,50,153.60555738095397,153.7336753908746
True,piano,99,37,153.7416119047635,153.86972991468411
True,piano,99,49,153.7416119047635,153.86972991468411
True,piano,100,35,153.877666428573,154.00578443849363
True,piano,100,47,153.877666428573,154.00578443849363
False,piano,102,33,154.01372095238253,154.14183896230315
True,piano,102,45,154.01372095238253,154.14183896230315
False,piano,103,35,154.14977547619205,154.27789348611267
True,piano,103,47,154.14977547619205,154.27789348611267
False,piano,105,33,154.28583000000157,154.4139480099222
True,piano,105,45,154.28583000000157,154.4139480099222
True,piano,106,32,154.4218845238111,154.5500025337317
False,piano,106,44,154.4218845238111,154.5500025337317
True,piano,108,30,154.5579390476206,154.68605705754123
False,piano,108,42,154.5579390476206,154.68605705754123
False,piano,109,33,154.69399357143013,154.82211158135075
True,piano,109,45,154.69399357143013,154.82211158135075
True,piano,111,32,154.83004809523965,154.95816610516027
True,piano,111,44,154.83004809523965,154.95816610516027
True,piano,112,30,154.96610261904917,155.0942206289698
False,piano,112,42,154.96610261904917,155.0942206289698
False,piano,114,29,155.1021571428587,155.2302751527793
True,piano,114,41,155.1021571428587,155.2302751527793
False,piano,115,30,155.2382116666682,155.36632967658883
False,piano,115,42,155.2382116666682,155.36632967658883
True,piano,117,32,155.37426619047773,155.50238420039835
False,piano,117,44,155.37426619047773,155.50238420039835
False,piano,118,29,155.51032071428725,155.63843872420787
False,piano,118,41,155.51032071428725,155.63843872420787
True,piano,120,25,155.64637523809677,155.7744932480174
False,piano,120,37,155.64637523809677,155.7744932480174
True,piano,121,27,155.7824297619063,155.9105477718269
True,piano,121,39,155.7824297619063,155.9105477718269
False,piano,123,29,155.9184842857158,156.04660229563643
True,piano,123,41,155.9184842857158,156.04660229563643
False,piano,124,25,156.05453880952533,156.18265681944595
True,piano,124,37,156.05453880952533,156.18265681944595
False,piano,126,27,156.19059333333485,156.44796314087452
True,piano,126,39,156.19059333333485,156.44796314087452
True,piano,126,39,156.46270238095389,156.72007218849356
False,piano,126,51,156.46270238095389,156.72007218849356
True,piano,126,40,156.73481142857293,156.99218123611263
True,piano,126,44,156.73481142857293,156.99218123611263
False,piano,126,47,156.73481142857293,156.99218123611263
True,piano,126,52,156.73481142857293,156.99218123611263
True,piano,126,25,157.006920476192,157.13503848611262
False,piano,126,37,157.006920476192,157.13503848611262
False,piano,126,23,157.1429750000015,157.27109300992214
True,piano,126,35,157.1429750000015,157.27109300992214
True,piano,126,21,157.27902952381103,157.79490292658883
True,piano,126,25,157.27902952381103,157.79490292658883
True,piano,126,28,157.27902952381103,157.79490292658883
True,piano,126,33,157.27902952381103,157.79490292658883
False,piano,126,49,157.82324761904914,158.23027740277928
True,piano,126,52,157.82324761904914,158.23027740277928
False,piano,126,56,157.82324761904914,158.23027740277928
True,piano,127,61,157.82324761904914,158.23027740277928
False,piano,126,49,158.2314111904777,158.3663319265888
True,piano,126,52,158.2314111904777,158.3663319265888
False,piano,126,56,158.2314111904777,158.3663319265888
False,piano,127,61,158.2314111904777,158.3663319265888
False,piano,112,21,158.6395747619063,158.76769277182692
False,piano,95,25,158.6395747619063,158.76769277182692
True,piano,95,28,158.6395747619063,158.76769277182692
False,piano,112,33,158.6395747619063,158.76769277182692
False,piano,112,21,158.7756292857158,158.90374729563644
True,piano,95,25,158.7756292857158,158.90374729563644
True,piano,95,28,158.7756292857158,158.90374729563644
False,piano,112,33,158.7756292857158,158.90374729563644
True,piano,112,21,158.91168380952533,159.169053617065
True,piano,95,25,158.91168380952533,159.169053617065
False,piano,95,28,158.91168380952533,159.169053617065
False,piano,112,33,158.91168380952533,159.169053617065
False,piano,112,21,159.18379285714437,159.44116266468404
False,piano,95,25,159.18379285714437,159.44116266468404
False,piano,95,28,159.18379285714437,159.44116266468404
False,piano,112,33,159.18379285714437,159.44116266468404
True,piano,126,49,158.36746571428722,159.454768117065
False,piano,126,52,158.36746571428722,159.454768117065
False,piano,126,57,158.36746571428722,159.454768117065
False,piano,127,61,158.36746571428722,159.454768117065
False,piano,112,21,159.72801095238248,159.8561289623031
False,piano,95,25,159.72801095238248,159.8561289623031
True,piano,95,28,159.72801095238248,159.8561289623031
True,piano,112,33,159.72801095238248,159.8561289623031
True,piano,112,21,159.864065476192,159.99218348611262
False,piano,95,25,159.864065476192,159.99218348611262
False,piano,95,28,159.864065476192,159.99218348611262
False,piano,112,33,159.864065476192,159.99218348611262
False,piano,112,21,160.00012000000152,160.2574898075412
True,piano,95,25,160.00012000000152,160.2574898075412
False,piano,95,28,160.00012000000152,160.2574898075412
True,piano,112,33,160.00012000000152,160.2574898075412
False,piano,112,21,160.27222904762056,160.52959885516023
False,piano,95,25,160.27222904762056,160.52959885516023
False,piano,95,28,160.27222904762056,160.52959885516023
False,piano,112,33,160.27222904762056,160.52959885516023
False,piano,126,49,159.4559019047634,160.54320430754117
False,piano,126,52,159.4559019047634,160.54320430754117
False,piano,126,57,159.4559019047634,160.54320430754117
True,piano,127,61,159.4559019047634,160.54320430754117
True,piano,127,62,160.5443380952396,160.67925883135072
False,piano,108,52,160.5443380952396,160.8017079027793
False,piano,108,55,160.5443380952396,160.8017079027793
False,piano,127,61,160.68039261904914,160.81531335516024
True,piano,127,59,160.81644714285866,160.95136787896976
False,piano,108,52,160.81644714285866,161.07381695039834
True,piano,108,55,160.81644714285866,161.07381695039834
True,piano,127,61,160.95250166666818,161.08742240277928
False,piano,127,62,161.0885561904777,161.2234769265888
True,piano,108,52,161.0885561904777,161.34592599801738
True,piano,108,55,161.0885561904777,161.34592599801738
False,piano,127,61,161.22461071428722,161.35953145039832
True,piano,127,59,161.36066523809674,161.49558597420784
True,piano,108,52,161.36066523809674,161.61803504563642
False,piano,108,55,161.36066523809674,161.61803504563642
False,piano,127,61,161.49671976190626,161.63164049801736
False,piano,112,21,161.90488333333485,162.03300134325548
True,piano,95,26,161.90488333333485,162.03300134325548
True,piano,95,30,161.90488333333485,162.03300134325548
False,piano,112,33,161.90488333333485,162.03300134325548
True,piano,112,21,162.04093785714437,162.169055867065
False,piano,95,26,162.04093785714437,162.169055867065
True,piano,95,30,162.04093785714437,162.169055867065
True,piano,112,33,162.04093785714437,162.169055867065
False,piano,112,21,162.1769923809539,162.43436218849357
True,piano,95,26,162.1769923809539,162.43436218849357
False,piano,95,30,162.1769923809539,162.43436218849357
True,piano,112,33,162.1769923809539,162.43436218849357
False,piano,112,21,162.44910142857293,162.7064712361126
False,piano,95,26,162.44910142857293,162.7064712361126
False,piano,95,30,162.44910142857293,162.7064712361126
True,piano,112,33,162.44910142857293,162.7064712361126
True,piano,127,50,161.63277428571578,162.72007668849355
False,piano,127,54,161.63277428571578,162.72007668849355
False,piano,127,62,161.63277428571578,162.72007668849355
False,piano,127,49,162.72121047619197,162.99218573611262
True,piano,127,52,162.72121047619197,162.99218573611262
True,piano,127,57,162.72121047619197,162.99218573611262
True,piano,127,61,162.72121047619197,162.99218573611262
True,piano,127,49,162.99331952381104,163.12824025992214
False,piano,127,52,162.99331952381104,163.12824025992214
True,piano,127,57,162.99331952381104,163.12824025992214
True,piano,127,61,162.99331952381104,163.12824025992214
True,piano,127,49,163.12937404762056,163.26429478373166
True,piano,127,52,163.12937404762056,163.26429478373166
True,piano,127,57,163.12937404762056,163.26429478373166
False,piano,127,61,163.12937404762056,163.26429478373166
False,piano,127,49,163.26542857143008,163.53640383135073
False,piano,127,52,163.26542857143008,163.53640383135073
True,piano,127,57,163.26542857143008,163.53640383135073
True,piano,127,61,163.26542857143008,163.53640383135073
False,piano,127,49,163.53753761904915,163.8085128789698
False,piano,127,52,163.53753761904915,163.8085128789698
False,piano,127,57,163.53753761904915,163.8085128789698
True,piano,127,61,163.53753761904915,163.8085128789698
False,piano,112,28,164.08175571428728,164.2098737242079
True,piano,95,32,164.08175571428728,164.2098737242079
True,piano,112,40,164.08175571428728,164.2098737242079
False,piano,112,28,164.2178102380968,164.34592824801743
False,piano,95,32,164.2178102380968,164.34592824801743
False,piano,112,40,164.2178102380968,164.34592824801743
False,piano,112,28,164.35386476190632,164.611234569446
False,piano,95,32,164.35386476190632,164.611234569446
False,piano,112,40,164.35386476190632,164.611234569446
False,piano,112,28,164.62597380952536,164.88334361706504
False,piano,95,32,164.62597380952536,164.88334361706504
False,piano,112,40,164.62597380952536,164.88334361706504
True,piano,127,47,163.80964666666821,164.89694906944598
True,piano,127,52,163.80964666666821,164.89694906944598
False,piano,127,56,163.80964666666821,164.89694906944598
True,piano,127,59,163.80964666666821,164.89694906944598
False,piano,112,21,165.17019190476347,165.2983099146841
False,piano,95,25,165.17019190476347,165.2983099146841
True,piano,95,28,165.17019190476347,165.2983099146841
False,piano,112,33,165.17019190476347,165.2983099146841
True,piano,112,21,165.306246428573,165.43436443849362
True,piano,95,25,165.306246428573,165.43436443849362
True,piano,95,28,165.306246428573,165.43436443849362
True,piano,112,33,165.306246428573,165.43436443849362
True,piano,112,21,165.4423009523825,165.69967075992218
False,piano,95,25,165.4423009523825,165.69967075992218
True,piano,95,28,165.4423009523825,165.69967075992218
True,piano,112,33,165.4423009523825,165.69967075992218
False,piano,112,21,165.71441000000155,165.97177980754122
True,piano,95,25,165.71441000000155,165.97177980754122
True,piano,95,28,165.71441000000155,165.97177980754122
True,piano,112,33,165.71441000000155,165.97177980754122
True,piano,126,49,164.8980828571444,165.98538525992217
False,piano,126,52,164.8980828571444,165.98538525992217
False,piano,126,57,164.8980828571444,165.98538525992217
True,piano,127,61,164.8980828571444,165.98538525992217
True,piano,112,21,166.25862809523966,166.38674610516028
False,piano,95,25,166.25862809523966,166.38674610516028
False,piano,95,28,166.25862809523966,166.38674610516028
True,piano,112,33,166.25862809523966,166.38674610516028
False,piano,112,21,166.39468261904918,166.5228006289698
True,piano,95,25,166.39468261904918,166.5228006289698
True,piano,95,28,166.39468261904918,166.5228006289698
False,piano,112,33,166.39468261904918,166.5228006289698
True,piano,112,21,166.5307371428587,166.78810695039837
True,piano,95,25,166.5307371428587,166.78810695039837
True,piano,95,28,166.5307371428587,166.78810695039837
True,piano,112,33,166.5307371428587,166.78810695039837
True,piano,112,21,166.80284619047774,167.0602159980174
True,piano,95,25,166.80284619047774,167.0602159980174
False,piano,95,28,166.80284619047774,167.0602159980174
True,piano,112,33,166.80284619047774,167.0602159980174
False,piano,126,49,165.9865190476206,167.07382145039836
False,piano,126,52,165.9865190476206,167.07382145039836
False,piano,126,57,165.9865190476206,167.07382145039836
True,piano,127,61,165.9865190476206,167.07382145039836
False,piano,127,62,167.07495523809678,167.2098759742079
True,piano,108,52,167.07495523809678,167.33232504563648
True,piano,108,55,167.07495523809678,167.33232504563648
False,piano,127,61,167.21100976190633,167.34593049801742
False,piano,127,59,167.34706428571585,167.48198502182694
True,piano,108,52,167.34706428571585,167.60443409325552
False,piano,108,55,167.34706428571585,167.60443409325552
False,piano,127,61,167.48311880952537,167.61803954563646
True,piano,127,62,167.61917333333489,167.75409406944598
False,piano,108,52,167.61917333333489,167.87654314087456
False,piano,108,55,167.61917333333489,167.87654314087456
True,piano,127,61,167.7552278571444,167.8901485932555
False,piano,127,59,167.89128238095392,168.02620311706502
False,piano,108,52,167.89128238095392,168.1486521884936
False,piano,108,55,167.89128238095392,168.1486521884936
True,piano,127,61,168.02733690476344,168.16225764087454
False,piano,112,21,168.43550047619203,168.56361848611266
False,piano,95,26,168.43550047619203,168.56361848611266
False,piano,95,30,168.43550047619203,168.56361848611266
True,piano,112,33,168.43550047619203,168.56361848611266
False,piano,112,21,168.57155500000155,168.69967300992218
True,piano,95,26,168.57155500000155,168.69967300992218
True,piano,95,30,168.57155500000155,168.69967300992218
False,piano,112,33,168.57155500000155,168.69967300992218
True,piano,112,21,168.70760952381107,168.96497933135075
False,piano,95,26,168.70760952381107,168.96497933135075
False,piano,95,30,168.70760952381107,168.96497933135075
False,piano,112,33,168.70760952381107,168.96497933135075
True,piano,112,21,168.9797185714301,169.2370883789698
True,piano,95,26,168.9797185714301,169.2370883789698
True,piano,95,30,168.9797185714301,169.2370883789698
False,piano,112,33,168.9797185714301,169.2370883789698
False,piano,127,50,168.16339142857296,169.25069383135073
False,piano,127,54,168.16339142857296,169.25069383135073
False,piano,127,62,168.16339142857296,169.25069383135073
True,piano,127,49,169.25182761904915,169.5228028789698
False,piano,127,52,169.25182761904915,169.5228028789698
True,piano,127,57,169.25182761904915,169.5228028789698
True,piano,127,61,169.25182761904915,169.5228028789698
True,piano,127,49,169.52393666666822,169.65885740277932
False,piano,127,52,169.52393666666822,169.65885740277932
False,piano,127,57,169.52393666666822,169.65885740277932
False,piano,127,61,169.52393666666822,169.65885740277932
False,piano,127,49,169.65999119047774,169.79491192658884
False,piano,127,52,169.65999119047774,169.79491192658884
False,piano,127,57,169.65999119047774,169.79491192658884
True,piano,127,61,169.65999119047774,169.79491192658884
True,piano,127,49,169.79604571428726,170.0670209742079
False,piano,127,52,169.79604571428726,170.0670209742079
False,piano,127,57,169.79604571428726,170.0670209742079
False,piano,127,61,169.79604571428726,170.0670209742079
True,piano,127,49,170.06815476190633,170.33913002182697
False,piano,127,52,170.06815476190633,170.33913002182697
False,piano,127,57,170.06815476190633,170.33913002182697
False,piano,127,61,170.06815476190633,170.33913002182697
True,piano,112,28,170.61237285714446,170.7404908670651
False,piano,95,32,170.61237285714446,170.7404908670651
False,piano,112,40,170.61237285714446,170.7404908670651
True,piano,112,28,170.74842738095398,170.8765453908746
True,piano,95,32,170.74842738095398,170.8765453908746
False,piano,112,40,170.74842738095398,170.8765453908746
False,piano,112,28,170.8844819047635,171.14185171230318
True,piano,95,32,170.8844819047635,171.14185171230318
False,piano,112,40,170.8844819047635,171.14185171230318
True,piano,112,28,171.15659095238254,171.41396075992222
True,piano,95,32,171.15659095238254,171.41396075992222
True,piano,112,40,171.15659095238254,171.41396075992222
False,piano,127,47,170.3402638095254,171.42756621230316
False,piano,127,52,170.3402638095254,171.42756621230316
False,piano,127,56,170.3402638095254,171.42756621230316
False,piano,127,59,170.3402638095254,171.42756621230316
True,piano,106,33,171.42870000000158,171.6860698075413
True,piano,106,37,171.42870000000158,171.6860698075413
True,piano,106,40,171.42870000000158,171.6860698075413
True,piano,106,45,171.42870000000158,171.6860698075413
True,piano,98,57,171.72801995238257,171.79151206349366
False,piano,98,61,171.72801995238257,171.79151206349366
False,piano,98,64,171.72801995238257,171.79151206349366
False,piano,98,63,171.78924448809684,171.85273659920793
False,piano,98,66,171.78924448809684,171.85273659920793
False,piano,98,57,171.85046902381112,171.9139611349222
False,piano,98,61,171.85046902381112,171.9139611349222
True,piano,98,64,171.85046902381112,171.9139611349222
True,piano,98,63,171.9116935595254,171.97178430754124
True,piano,98,66,171.9116935595254,171.9751856706365
False,piano,104,57,171.97291809523966,172.1078388313508
True,piano,104,61,171.97291809523966,172.1078388313508
True,piano,104,64,171.97291809523966,172.1078388313508
False,piano,104,57,172.24502714285873,172.37994787896983
False,piano,104,61,172.24502714285873,172.37994787896983
False,piano,104,64,172.24502714285873,172.37994787896983
True,piano,104,27,172.51713619047777,172.77450599801745
False,piano,104,39,172.51713619047777,172.77450599801745
True,piano,104,57,172.7892452380968,172.91736324801744
False,piano,104,61,172.7892452380968,172.91736324801744
False,piano,104,65,172.7892452380968,172.91736324801744
False,piano,104,57,172.92529976190633,173.053417771827
True,piano,104,61,172.92529976190633,173.053417771827
False,piano,104,65,172.92529976190633,173.053417771827
True,piano,104,57,173.06135428571588,173.19627502182698
False,piano,104,61,173.06135428571588,173.19627502182698
True,piano,104,65,173.06135428571588,173.19627502182698
False,piano,104,57,173.33346333333492,173.46838406944602
False,piano,104,61,173.33346333333492,173.46838406944602
False,piano,104,65,173.33346333333492,173.46838406944602
True,piano,104,33,173.60557238095396,173.86294218849363
False,piano,104,37,173.60557238095396,173.86294218849363
False,piano,104,40,173.60557238095396,173.86294218849363
False,piano,104,45,173.60557238095396,173.86294218849363
False,piano,98,52,173.9048923333349,173.968384444446
False,piano,98,57,173.9048923333349,173.968384444446
True,piano,98,61,173.9048923333349,173.968384444446
False,piano,98,64,173.9048923333349,173.968384444446
False,piano,98,63,173.9661168690492,174.02960898016028
True,piano,98,66,173.9661168690492,174.02960898016028
False,piano,98,52,174.02734140476346,174.09083351587455
True,piano,98,57,174.02734140476346,174.09083351587455
False,piano,98,61,174.02734140476346,174.09083351587455
True,piano,98,64,174.02734140476346,174.09083351587455
False,piano,98,63,174.08856594047774,174.1486566884936
False,piano,98,66,174.08856594047774,174.15205805158885
False,piano,104,52,174.149790476192,174.28471121230314
False,piano,104,57,174.149790476192,174.28471121230314
False,piano,104,61,174.149790476192,174.28471121230314
False,piano,104,64,174.149790476192,174.28471121230314
False,piano,104,52,174.42189952381108,174.55682025992218
True,piano,104,57,174.42189952381108,174.55682025992218
False,piano,104,61,174.42189952381108,174.55682025992218
False,piano,104,64,174.42189952381108,174.55682025992218
True,piano,104,26,174.69400857143012,174.9513783789698
True,piano,88,33,174.69400857143012,174.9513783789698
True,piano,104,38,174.69400857143012,174.9513783789698
True,piano,104,57,174.96611761904916,175.09423562896978
False,piano,98,59,174.96611761904916,175.09423562896978
False,piano,104,62,174.96611761904916,175.09423562896978
True,piano,104,65,174.96611761904916,175.09423562896978
False,piano,104,57,175.10217214285868,175.23029015277933
False,piano,98,59,175.10217214285868,175.23029015277933
True,piano,104,62,175.10217214285868,175.23029015277933
False,piano,104,65,175.10217214285868,175.23029015277933
False,piano,104,57,175.23822666666823,175.37314740277932
False,piano,98,59,175.23822666666823,175.37314740277932
True,piano,104,62,175.23822666666823,175.37314740277932
False,piano,104,65,175.23822666666823,175.37314740277932
True,piano,104,57,175.51033571428727,175.64525645039836
False,piano,98,59,175.51033571428727,175.64525645039836
False,piano,104,62,175.51033571428727,175.64525645039836
False,piano,104,65,175.51033571428727,175.64525645039836
False,piano,104,33,175.7824447619063,175.95364670436663
False,piano,104,45,175.7824447619063,175.95364670436663
False,piano,104,32,175.96385079365234,176.13505273611267
False,piano,104,44,175.96385079365234,176.13505273611267
True,piano,104,31,176.14525682539838,176.3164587678587
False,piano,104,43,176.14525682539838,176.3164587678587
False,piano,104,30,176.3266628571444,176.49786479960474
True,piano,104,42,176.3266628571444,176.49786479960474
False,piano,104,29,176.50806888889045,176.67927083135078
False,piano,104,41,176.50806888889045,176.67927083135078
True,piano,104,28,176.68947492063648,176.8606768630968
True,piano,104,40,176.68947492063648,176.8606768630968
False,piano,105,33,176.87088095238252,177.04208289484285
True,piano,105,45,176.87088095238252,177.04208289484285
True,piano,105,32,177.05228698412856,177.22348892658889
True,piano,105,44,177.05228698412856,177.22348892658889
False,piano,105,31,177.2336930158746,177.40489495833492
False,piano,105,43,177.2336930158746,177.40489495833492
False,piano,106,30,177.41509904762063,177.58630099008096
True,piano,106,42,177.41509904762063,177.58630099008096
False,piano,106,29,177.59650507936666,177.767707021827
False,piano,106,41,177.59650507936666,177.767707021827
False,piano,107,28,177.7779111111127,177.94911305357303
False,piano,107,40,177.7779111111127,177.94911305357303
True,piano,107,33,177.95931714285874,178.13051908531907
True,piano,107,45,177.95931714285874,178.13051908531907
False,piano,107,32,178.14072317460477,178.3119251170651
False,piano,107,44,178.14072317460477,178.3119251170651
False,piano,108,31,178.3221292063508,178.49333114881114
True,piano,108,43,178.3221292063508,178.49333114881114
True,piano,108,30,178.50353523809684,178.67473718055717
False,piano,108,42,178.50353523809684,178.67473718055717
True,piano,108,29,178.68494126984288,178.8561432123032
False,piano,108,41,178.68494126984288,178.8561432123032
False,piano,109,28,178.86634730158892,179.03754924404925
False,piano,109,40,178.86634730158892,179.03754924404925
False,piano,109,33,179.04775333333495,179.21895527579528
True,piano,109,45,179.04775333333495,179.21895527579528
False,piano,110,32,179.229159365081,179.40036130754132
False,piano,110,44,179.229159365081,179.40036130754132
True,piano,110,31,179.41056539682702,179.58176733928735
True,piano,110,43,179.41056539682702,179.58176733928735
True,piano,110,30,179.59197142857306,179.7631733710334
False,piano,110,42,179.59197142857306,179.7631733710334
True,piano,111,29,179.7733774603191,179.94457940277942
False,piano,111,41,179.7733774603191,179.94457940277942
False,piano,111,28,179.95478349206513,180.12598543452546
True,piano,111,40,179.95478349206513,180.12598543452546
False,piano,112,33,180.13618952381117,181.16907011706513
True,piano,112,37,180.13618952381117,181.16907011706513
True,piano,112,45,180.13618952381117,181.16907011706513
False,piano,127,41,185.03415238095403,185.09764449206514
True,piano,127,53,185.03415238095403,185.09764449206514
True,piano,112,55,185.1021796428588,185.16567175396992
False,piano,95,67,185.1021796428588,185.16567175396992
True,piano,127,40,185.17020690476357,185.2336990158747
False,piano,127,52,185.17020690476357,185.2336990158747
True,piano,113,53,185.23823416666835,185.30172627777947
False,piano,95,65,185.23823416666835,185.30172627777947
True,piano,127,38,185.30626142857312,185.36975353968424
False,piano,127,50,185.30626142857312,185.36975353968424
False,piano,114,52,185.3742886904779,185.437780801589
True,piano,96,64,185.3742886904779,185.437780801589
True,piano,127,37,185.44231595238267,185.5058080634938
False,piano,127,49,185.44231595238267,185.5058080634938
True,piano,116,50,185.51034321428745,185.57383532539856
False,piano,98,62,185.51034321428745,185.57383532539856
False,piano,127,34,185.57837047619222,185.64186258730334
True,piano,127,46,185.57837047619222,185.64186258730334
True,piano,117,49,185.646397738097,185.7098898492081
True,piano,99,61,185.646397738097,185.7098898492081
True,piano,127,33,185.71442500000177,185.77791711111288
False,piano,127,45,185.71442500000177,185.77791711111288
True,piano,118,46,185.78245226190654,185.84594437301766
True,piano,100,58,185.78245226190654,185.84594437301766
False,piano,127,31,185.85047952381132,185.91397163492243
False,piano,127,43,185.85047952381132,185.91397163492243
False,piano,119,45,185.9185067857161,185.9819988968272
False,piano,100,57,185.9185067857161,185.9819988968272
False,piano,127,29,185.98653404762086,186.05002615873198
True,piano,127,41,185.98653404762086,186.05002615873198
False,piano,120,43,186.05456130952564,186.11805342063676
True,piano,101,55,186.05456130952564,186.11805342063676
False,piano,127,28,186.1225885714304,186.18608068254153
False,piano,127,40,186.1225885714304,186.18608068254153
False,piano,121,41,186.1906158333352,186.2541079444463
True,piano,102,53,186.1906158333352,186.2541079444463
False,piano,127,26,186.25864309523996,186.32213520635108
False,piano,127,38,186.25864309523996,186.32213520635108
False,piano,123,40,186.32667035714474,186.39016246825585
False,piano,104,52,186.32667035714474,186.39016246825585
True,piano,127,25,186.3946976190495,186.45818973016063
False,piano,127,37,186.3946976190495,186.45818973016063
True,piano,124,38,186.46272488095428,186.5262169920654
True,piano,105,50,186.46272488095428,186.5262169920654
True,piano,127,22,186.53075214285906,186.59424425397017
False,piano,127,34,186.53075214285906,186.59424425397017
False,piano,127,21,186.6668066666686,186.6668066666686
True,piano,127,33,186.6668066666686,186.6668066666686
True,piano,126,21,186.6668066666686,186.6668066666686
True,piano,126,33,186.6668066666686,186.6668066666686
True,piano,107,25,186.6668066666686,187.02961873016065
False,piano,107,28,186.6668066666686,187.02961873016065
False,piano,125,37,186.59877940476383,187.1792787063511
True,piano,105,40,186.59877940476383,187.1792787063511
True,piano,105,49,186.59877940476383,187.1792787063511
False,piano,126,21,186.6668066666686,187.18268006944635
True,piano,126,33,186.6668066666686,187.18268006944635
False,piano,126,52,187.21102476190666,187.72689816468443
False,piano,126,57,187.21102476190666,187.72689816468443
False,piano,126,61,187.21102476190666,187.72689816468443
False,piano,126,64,187.21102476190666,187.72689816468443
