user_played,instrument_name,velocity,pitch,start (s),end (s)
False,piano,96,69,0.0,0.18637105357142858
False,piano,96,64,0.19704428571428573,0.2947454107142857
True,piano,96,65,0.39408857142857145,0.580459625
False,piano,96,62,0.5911328571428571,0.6888339821428571
True,piano,96,64,0.7881771428571428,0.9745481964285714
False,piano,96,69,0.9852214285714285,1.1715924821428572
True,piano,96,62,1.1822657142857143,1.230705767857143
True,piano,96,64,1.2315267857142858,1.2775037857142857
False,piano,96,62,1.280787857142857,1.373562875
True,piano,96,60,1.37931,1.37931
False,piano,96,68,1.5763542857142858,1.7627253392857143
False,piano,96,64,1.7733985714285714,1.8710996964285713
True,piano,96,65,1.970442857142857,2.1568139107142854
False,piano,96,63,2.1674871428571425,2.2651882678571424
False,piano,96,64,2.364531428571428,2.457306446428571
True,piano,96,69,2.463053571428571,2.555828589285714
False,piano,96,72,2.561575714285714,2.659276839285714
True,piano,96,71,2.7586199999999996,2.8563211249999996
True,piano,96,69,2.955664285714285,3.048439303571428
False,piano,96,68,3.054186428571428,3.146961446428571
True,piano,96,69,3.152708571428571,3.3390796249999997
False,piano,96,64,3.3497528571428568,3.4474539821428567
False,piano,96,76,3.5467971428571423,3.733168196428571
False,piano,96,79,3.743841428571428,3.9302124821428563
True,piano,96,74,3.9408857142857134,4.127256767857142
True,piano,96,76,4.13793,4.230705017857143
False,piano,96,74,4.236452142857143,4.422823196428571
True,piano,96,76,4.433496428571429,4.526271446428572
True,piano,96,74,4.532018571428572,4.9055816964285714
False,piano,96,72,4.926107142857143,5.018882160714286
False,piano,96,71,5.024629285714286,5.117404303571429
False,piano,96,69,5.123151428571429,5.3095224821428575
True,piano,96,68,5.320195714285715,5.412970732142858
True,piano,96,65,5.418717857142858,5.511492875000001
False,piano,96,64,5.517240000000001,5.7036110535714295
True,piano,96,77,5.714284285714287,5.9006553392857155
False,piano,96,76,5.911328571428573,6.2848916964285735
False,piano,96,69,6.305417142857145,6.4917881964285735
False,piano,96,64,6.502461428571431,6.6001625535714314
True,piano,96,65,6.699505714285717,6.8858767678571455
False,piano,96,62,6.896550000000003,6.9942511250000035
False,piano,96,64,7.093594285714289,7.2799653392857175
False,piano,96,69,7.290638571428575,7.4770096250000035
False,piano,96,62,7.487682857142861,7.5361229107142895
True,piano,96,64,7.536943928571432,7.582920928571432
True,piano,96,62,7.586205000000003,7.678980017857146
True,piano,96,60,7.684727142857146,7.684727142857146
False,piano,96,68,7.881771428571432,8.06814248214286
False,piano,96,64,8.078815714285717,8.176516839285718
True,piano,96,65,8.275860000000003,8.462231053571433
False,piano,96,63,8.47290428571429,8.57060541071429
True,piano,96,64,8.669948571428575,8.762723589285718
False,piano,96,69,8.768470714285717,8.86124573214286
False,piano,96,72,8.86699285714286,8.96469398214286
True,piano,96,71,9.064037142857146,9.161738267857146
False,piano,96,69,9.261081428571432,9.353856446428575
False,piano,96,68,9.359603571428574,9.452378589285717
True,piano,96,69,9.458125714285716,9.644496767857145
False,piano,96,64,9.655170000000002,9.752871125000002
True,piano,96,76,9.852214285714288,10.038585339285717
True,piano,96,79,10.049258571428574,10.235629625000003
False,piano,96,74,10.24630285714286,10.43267391071429
True,piano,96,76,10.443347142857146,10.536122160714289
False,piano,96,74,10.541869285714288,10.728240339285717
False,piano,96,76,10.738913571428574,10.831688589285717
False,piano,96,74,10.837435714285716,11.210998839285716
False,piano,96,72,11.231524285714288,11.324299303571431
False,piano,96,71,11.33004642857143,11.422821446428573
False,piano,96,69,11.428568571428572,11.614939625000002
True,piano,96,68,11.625612857142858,11.718387875000001
False,piano,96,65,11.724135,11.816910017857143
True,piano,96,64,11.822657142857143,12.009028196428572
False,piano,96,77,12.019701428571429,12.206072482142858
True,piano,96,76,12.216745714285715,12.590308839285715
False,piano,96,69,12.610834285714287,12.797205339285716
True,piano,96,64,12.807878571428573,12.905579696428573
False,piano,96,65,13.004922857142859,13.191293910714288
False,piano,96,62,13.201967142857145,13.299668267857145
False,piano,96,64,13.39901142857143,13.58538248214286
False,piano,96,69,13.596055714285717,13.782426767857146
False,piano,96,62,13.793100000000003,13.841540053571432
False,piano,96,64,13.842361071428575,13.888338071428576
True,piano,96,62,13.891622142857148,13.984397160714291
False,piano,96,60,13.99014428571429,13.99014428571429
False,piano,96,68,14.187188571428576,14.373559625000006
True,piano,96,64,14.384232857142862,14.481933982142863
False,piano,96,65,14.581277142857148,14.767648196428578
False,piano,96,63,14.778321428571434,14.876022553571435
False,piano,96,64,14.97536571428572,15.068140732142863
True,piano,96,69,15.073887857142863,15.166662875000005
False,piano,96,72,15.172410000000005,15.270111125000005
False,piano,96,71,15.36945428571429,15.467155410714291
True,piano,96,69,15.566498571428577,15.65927358928572
True,piano,96,68,15.665020714285719,15.757795732142862
True,piano,96,69,15.76354285714286,15.94991391071429
False,piano,96,64,15.960587142857147,16.058288267857147
False,piano,96,76,16.157631428571435,16.344002482142862
False,piano,96,79,16.35467571428572,16.541046767857146
False,piano,96,74,16.551720000000003,16.73809105357143
False,piano,96,76,16.748764285714287,16.84153930357143
False,piano,96,74,16.84728642857143,17.033657482142857
True,piano,96,76,17.044330714285714,17.137105732142857
False,piano,96,74,17.142852857142856,17.516415982142856
False,piano,96,72,17.536941428571428,17.62971644642857
False,piano,96,71,17.63546357142857,17.728238589285713
False,piano,96,69,17.733985714285712,17.92035676785714
False,piano,96,68,17.931029999999996,18.02380501785714
False,piano,96,65,18.02955214285714,18.12232716071428
True,piano,96,64,18.12807428571428,18.314445339285708
False,piano,96,77,18.325118571428565,18.511489624999992
False,piano,96,76,18.52216285714285,18.89572598214285
False,piano,64,69,18.91625142857142,19.10262248214285
False,piano,64,72,19.113295714285705,19.299666767857133
True,piano,64,76,19.31033999999999,19.496711053571417
False,piano,64,81,19.507384285714274,19.6937553392857
True,piano,64,84,19.704428571428558,19.890799624999985
False,piano,64,88,19.901472857142842,20.08784391071427
True,piano,64,93,20.098517142857126,20.284888196428554
False,piano,64,96,20.29556142857141,20.481932482142838
True,piano,96,69,20.492605714285695,20.678976767857122
True,piano,96,64,20.68964999999998,20.876021053571407
True,piano,96,77,20.886694285714263,21.07306533928569
True,piano,96,64,21.083738571428547,21.270109624999975
False,piano,96,69,21.28078285714283,21.46715391071426
True,piano,96,64,21.477827142857116,21.664198196428543
False,piano,96,76,21.6748714285714,21.861242482142828
True,piano,96,72,21.871915714285684,22.058286767857112
True,piano,96,69,22.06895999999997,22.255331053571396
True,piano,96,64,22.266004285714253,22.45237533928568
False,piano,96,77,22.463048571428537,22.649419624999965
False,piano,96,64,22.66009285714282,22.84646391071425
False,piano,96,69,22.857137142857106,23.043508196428533
False,piano,96,64,23.05418142857139,23.240552482142817
True,piano,96,76,23.251225714285674,23.4375967678571
True,piano,96,74,23.448269999999958,23.5410450178571
False,piano,96,72,23.5467921428571,23.639567160714243
True,piano,96,69,23.645314285714242,23.83168533928567
False,piano,96,64,23.842358571428527,24.028729624999954
False,piano,96,77,24.03940285714281,24.22577391071424
False,piano,96,64,24.236447142857095,24.422818196428523
True,piano,96,69,24.43349142857138,24.619862482142807
False,piano,96,64,24.630535714285664,24.81690676785709
False,piano,96,76,24.827579999999948,25.013951053571375
True,piano,96,72,25.024624285714232,25.21099533928566
True,piano,96,69,25.221668571428516,25.408039624999944
True,piano,96,64,25.4187128571428,25.605083910714228
False,piano,96,72,25.615757142857085,25.802128196428512
True,piano,96,71,25.81280142857137,25.999172482142797
False,piano,96,69,26.009845714285653,26.19621676785708
True,piano,96,68,26.206889999999937,26.393261053571365
False,piano,96,64,26.40393428571422,26.59030533928565
True,piano,96,68,26.600978571428506,26.787349624999933
False,piano,96,69,26.79802285714279,26.984393910714218
True,piano,96,64,26.995067142857074,27.181438196428502
False,piano,96,77,27.19211142857136,27.378482482142786
True,piano,96,64,27.389155714285643,27.57552676785707
True,piano,96,69,27.586199999999927,27.772571053571355
True,piano,96,64,27.78324428571421,27.96961533928564
False,piano,96,76,27.980288571428495,28.166659624999923
False,piano,96,72,28.17733285714278,28.363703910714207
False,piano,96,69,28.374377142857064,28.56074819642849
True,piano,96,64,28.571421428571348,28.757792482142776
True,piano,96,77,28.768465714285632,28.95483676785706
False,piano,96,64,28.965509999999917,29.151881053571344
False,piano,96,69,29.1625542857142,29.34892533928563
False,piano,96,64,29.359598571428485,29.545969624999913
False,piano,96,76,29.55664285714277,29.743013910714197
False,piano,96,74,29.753687142857054,29.846462160714196
True,piano,96,72,29.852209285714196,29.94498430357134
False,piano,96,69,29.950731428571338,30.137102482142765
False,piano,96,64,30.147775714285622,30.33414676785705
False,piano,96,77,30.344819999999906,30.531191053571334
True,piano,96,64,30.54186428571419,30.728235339285618
True,piano,96,69,30.738908571428475,30.925279624999902
False,piano,96,64,30.93595285714276,31.122323910714186
False,piano,96,76,31.132997142857043,31.31936819642847
True,piano,96,72,31.330041428571327,31.516412482142755
True,piano,96,69,31.52708571428561,31.71345676785704
False,piano,96,64,31.724129999999896,31.910501053571323
True,piano,96,72,31.92117428571418,32.10754533928561
False,piano,96,71,32.118218571428464,32.30458962499989
False,piano,96,69,32.31526285714275,32.501633910714176
True,piano,96,68,32.51230714285703,32.69867819642846
False,piano,96,64,32.70935142857132,32.895722482142745
False,piano,96,68,32.9063957142856,33.09276676785703
False,piano,96,69,33.103439999999885,33.28981105357131
True,piano,96,64,33.30048428571417,33.4868553392856
True,piano,96,72,33.497528571428454,33.68389962499988
False,piano,96,71,33.69457285714274,33.880943910714166
False,piano,96,72,33.89161714285702,34.26518026785702
True,piano,96,69,34.28570571428559,34.378480732142734
True,piano,96,71,34.38422785714273,34.477002874999876
False,piano,96,72,34.482749999999875,34.57552501785702
True,piano,96,74,34.58127214285702,34.67404716071416
True,piano,96,76,34.67979428571416,34.86616533928559
True,piano,96,77,34.87683857142844,34.969613589285586
False,piano,96,76,34.975360714285586,35.16173176785701
True,piano,96,74,35.17240499999987,35.26518001785701
True,piano,96,72,35.27092714285701,35.45729819642844
False,piano,96,71,35.467971428571296,35.654342482142724
True,piano,96,72,35.66501571428558,35.85138676785701
True,piano,96,68,35.862059999999865,36.23562312499986
True,piano,96,65,36.25614857142843,36.44251962499986
False,piano,96,72,36.45319285714272,36.639563910714145
True,piano,96,72,36.650237142857,36.83660819642843
True,piano,96,71,36.847281428571286,37.03365248214271
True,piano,96,72,37.04432571428557,37.13710073214271
False,piano,96,69,37.14284785714271,37.235622874999855
False,piano,96,72,37.241369999999854,37.334145017857
True,piano,96,69,37.339892142856996,37.43266716071414
True,piano,96,76,37.43841428571414,37.48439128571414
True,piano,96,74,37.48767535714271,37.533652357142714
True,piano,96,72,37.53693642857129,37.58291342857129
True,piano,96,74,37.58619749999986,37.63217449999986
False,piano,96,72,37.63545857142844,37.68143557142844
False,piano,96,71,37.68471964285701,37.73069664285701
False,piano,96,69,37.733980714285586,37.77995771428559
True,piano,96,71,37.78324178571416,37.82921878571416
True,piano,96,76,37.832502857142735,38.39325805357131
False,piano,96,76,38.423635714285595,38.51641073214274
True,piano,96,77,38.52215785714274,38.61493287499988
False,piano,96,80,38.62067999999988,39.36862726785702
False,piano,96,76,39.40885714285702,39.78242026785702
True,piano,96,77,39.80294571428559,40.17650883928559
True,piano,96,76,40.19703428571416,40.57059741071416
True,piano,96,75,40.59112285714273,40.964685982142726
False,piano,96,76,40.9852114285713,41.358774553571294
False,piano,96,77,41.379299999999866,41.75286312499986
True,piano,96,76,41.773388571428434,42.14695169642843
True,piano,96,75,42.167477142857,42.541040267857
False,piano,96,76,42.56156571428557,43.309512982142714
False,piano,96,69,43.349742857142715,44.09769012499986
True,piano,96,71,44.13791999999986,44.885867267857
False,piano,96,74,44.926097142857,45.674044410714146
True,piano,96,81,45.71427428571415,45.900645339285575
False,piano,96,76,45.91131857142843,46.09768962499986
False,piano,96,77,46.108362857142716,46.29473391071414
True,piano,96,74,46.305407142857,46.49177819642843
True,piano,96,76,46.502451428571284,46.68882248214271
False,piano,96,81,46.69949571428557,46.885866767856996
False,piano,96,76,46.89653999999985,46.989315017856995
True,piano,96,74,46.995062142856995,47.08783716071414
False,piano,96,72,47.09358428571414,47.279955339285564
False,piano,96,71,47.29062857142842,47.47699962499985
False,piano,96,74,47.487672857142705,47.67404391071413
False,piano,96,72,47.68471714285699,47.77749216071413
True,piano,96,71,47.78323928571413,47.876014303571274
False,piano,96,68,47.881761428571274,48.0681324821427
True,piano,96,69,48.07880571428556,48.265176767856985
False,piano,96,77,48.27584999999984,48.46222105357127
False,piano,96,76,48.472894285714126,48.56566930357127
False,piano,96,74,48.57141642857127,48.66419144642841
False,piano,96,76,48.66993857142841,48.85630962499984
False,piano,96,71,48.866982857142695,49.05335391071412
True,piano,96,68,49.06402714285698,49.25039819642841
False,piano,96,77,49.26107142857126,49.353846446428406
True,piano,96,76,49.359593571428405,49.45236858928555
False,piano,96,75,49.45811571428555,49.644486767856975
False,piano,96,76,49.65515999999983,49.84153105357126
False,piano,96,81,49.852204285714116,50.03857533928554
False,piano,96,84,50.0492485714284,50.14202358928554
False,piano,96,83,50.14777071428554,50.240545732142685
False,piano,96,81,50.246292857142684,50.43266391071411
False,piano,96,84,50.44333714285697,50.629708196428396
True,piano,96,81,50.64038142857125,50.82675248214268
True,piano,96,77,50.83742571428554,50.93020073214268
True,piano,96,76,50.93594785714268,51.02872287499982
False,piano,96,74,51.03446999999982,51.22084105357125
False,piano,96,76,51.231514285714105,51.41788533928553
False,piano,96,77,51.42855857142839,51.61492962499982
True,piano,96,76,51.625602857142674,51.99916598214267
False,piano,33,57,52.41377999999981,52.41377999999981
False,piano,33,69,53.201957142856955,53.9499044107141
False,piano,33,64,53.9901342857141,55.486849839285526
True,piano,33,65,55.56648857142838,56.31443583928552
False,piano,33,69,56.354665714285524,57.10261298214267
False,piano,33,57,57.14284285714267,58.522152857142665
False,piano,33,57,58.71919714285695,58.71919714285695
False,piano,33,69,59.50737428571409,60.255321553571235
True,piano,33,72,60.29555142857124,61.04349869642838
True,piano,33,74,61.08372857142838,61.83167583928552
True,piano,33,72,61.871905714285525,62.61985298214267
False,piano,33,65,62.66008285714267,63.40803012499981
False,piano,33,64,63.44825999999981,64.5705914107141
True,piano,33,69,64.63052571428553,65.37847298214267
True,piano,33,81,65.41870285714266,66.1666501249998
False,piano,33,76,66.2068799999998,67.51640348214265
False,piano,33,74,67.58618999999979,67.67896501785692
True,piano,33,76,67.68471214285692,67.77748716071406
False,piano,33,77,67.78323428571406,68.5311815535712
False,piano,33,81,68.5714114285712,69.31935869642834
False,piano,33,69,69.35958857142833,70.10753583928548
False,piano,33,68,70.14776571428547,70.89571298214261
True,piano,33,69,70.9359428571426,71.68389012499975
True,piano,33,81,71.72411999999974,72.47206726785689
True,piano,33,84,72.51229714285688,73.63462855357116
True,piano,33,86,73.69456285714259,73.81853655357116
False,piano,33,84,73.82592571428545,73.94989941071402
True,piano,33,86,73.95728857142831,74.08126226785689
True,piano,33,84,74.08865142857117,74.83659869642831
False,piano,33,77,74.8768285714283,75.62477583928545
False,piano,33,76,75.66500571428544,76.22576091071402
False,piano,33,77,76.2561385714283,76.34891358928543
True,piano,33,76,76.35466071428543,76.44743573214257
False,piano,33,74,76.45318285714256,77.20113012499971
True,piano,96,84,77.2413599999997,77.42773105357114
True,piano,96,84,77.438404285714,77.53117930357114
True,piano,96,84,77.53692642857114,77.72329748214257
True,piano,96,84,77.73397071428543,77.92034176785687
False,piano,96,84,77.93101499999973,78.11738605357117
False,piano,96,81,78.12805928571403,78.31443033928547
False,piano,96,81,78.32510357142833,78.69866669642833
True,piano,96,84,78.81771428571405,79.00408533928548
True,piano,96,84,79.01475857142835,79.10753358928548
True,piano,96,84,79.11328071428548,79.29965176785691
True,piano,96,86,79.31032499999978,79.49669605357121
False,piano,96,87,79.50736928571408,79.69374033928551
True,piano,96,86,79.70441357142838,79.79718858928551
False,piano,96,84,79.80293571428551,79.89571073214265
False,piano,96,81,79.90145785714265,79.99423287499978
False,piano,96,84,79.99997999999978,80.09275501785692
True,piano,96,86,80.09850214285692,80.28487319642835
False,piano,96,81,80.39406857142835,80.58043962499978
False,piano,96,79,80.59111285714265,80.77748391071408
False,piano,96,81,80.78815714285695,80.97452819642838
True,piano,96,69,80.98520142857124,81.07797644642838
False,piano,96,71,81.08372357142838,81.17649858928552
False,piano,96,72,81.18224571428551,81.27502073214265
True,piano,96,81,81.28076785714265,81.37354287499979
True,piano,96,79,81.37928999999978,81.47206501785692
False,piano,96,76,81.47781214285692,81.66418319642835
False,piano,96,74,81.67485642857122,81.76763144642835
False,piano,96,72,81.77337857142835,81.86615358928549
False,piano,96,69,81.87190071428549,81.96467573214262
True,piano,96,76,82.1674671428569,82.26024216071404
True,piano,96,74,82.26598928571404,82.35876430357118
False,piano,96,76,82.36451142857118,82.55088248214261
True,piano,96,72,82.56155571428548,82.65433073214261
True,piano,96,76,82.66007785714261,82.75285287499975
True,piano,96,74,82.75859999999975,82.94497105357118
True,piano,96,72,82.95564428571404,83.04841930357118
False,piano,96,79,83.05416642857118,83.14694144642831
True,piano,96,79,83.15268857142831,83.24546358928545
False,piano,96,77,83.25121071428545,83.29718771428544
False,piano,96,79,83.30047178571401,83.346448785714
False,piano,96,76,83.34973285714257,83.536103910714
False,piano,96,65,83.54677714285687,83.7331481964283
True,piano,96,69,83.74382142857117,83.9301924821426
False,piano,96,72,83.94086571428547,84.1272367678569
True,piano,96,76,84.13790999999976,84.3242810535712
False,piano,96,74,84.33495428571406,84.70851741071407
True,piano,96,72,84.72904285714263,85.10260598214263
True,piano,96,71,85.1231314285712,85.30950248214263
False,piano,96,72,85.3201757142855,85.50654676785693
True,piano,96,80,85.5172199999998,85.70359105357123
True,piano,96,76,85.7142642857141,85.90063533928553
True,piano,96,74,85.91130857142839,86.2848716964284
True,piano,96,72,86.30539714285696,86.67896026785697
False,piano,96,74,86.69948571428553,86.75942001785695
True,piano,96,76,86.7602410357141,88.1970222857141
True,piano,96,77,88.27583999999982,88.33577430357124
True,piano,96,79,88.33659532142839,89.77337657142839
True,piano,64,69,89.8521942857141,90.03856533928554
True,piano,64,72,90.0492385714284,90.23560962499984
True,piano,64,76,90.2462828571427,90.43265391071414
True,piano,64,81,90.443327142857,90.62969819642844
True,piano,64,84,90.6403714285713,90.82674248214273
True,piano,64,88,90.8374157142856,91.02378676785703
False,piano,64,93,91.0344599999999,91.22083105357133
True,piano,64,96,91.2315042857142,91.41787533928563
True,piano,96,69,91.4285485714285,91.61491962499993
False,piano,96,69,91.62559285714279,91.81196391071423
False,piano,96,81,91.82263714285709,92.1962002678571
True,piano,96,76,92.21672571428566,92.59028883928566
False,piano,96,75,92.80785857142853,93.18142169642853
False,piano,96,74,93.2019471428571,93.5755102678571
False,piano,96,72,93.59603571428566,93.96959883928567
False,piano,96,69,93.99012428571423,94.17649533928567
True,piano,96,72,94.18716857142853,94.37353962499996
False,piano,96,74,94.38421285714283,94.57058391071426
True,piano,96,69,94.58125714285713,94.76762819642856
True,piano,96,69,94.77830142857142,94.96467248214286
False,piano,96,81,94.97534571428572,95.34890883928573
False,piano,96,76,95.36943428571429,95.7429974107143
False,piano,96,75,95.96056714285716,96.33413026785716
True,piano,96,74,96.35465571428573,96.72821883928573
True,piano,96,72,96.7487442857143,97.1223074107143
True,piano,96,69,97.14283285714286,97.3292039107143
False,piano,96,72,97.33987714285716,97.5262481964286
False,piano,96,74,97.53692142857146,97.7232924821429
False,piano,96,69,97.73396571428576,97.9203367678572
False,piano,96,69,97.93101000000006,98.11738105357149
True,piano,96,81,98.12805428571436,98.50161741071436
False,piano,96,76,98.52214285714292,98.89570598214293
True,piano,96,75,99.11327571428579,99.4868388392858
True,piano,96,74,99.50736428571436,99.88092741071436
False,piano,96,72,99.90145285714293,100.27501598214293
True,piano,96,69,100.2955414285715,100.48191248214293
True,piano,96,72,100.4925857142858,100.67895676785723
False,piano,96,74,100.6896300000001,100.87600105357153
True,piano,96,69,100.88667428571439,101.07304533928583
True,piano,96,69,101.08371857142869,101.27008962500013
False,piano,96,81,101.28076285714299,101.65432598214299
True,piano,96,76,101.67485142857156,102.04841455357156
True,piano,96,75,102.26598428571442,102.63954741071443
True,piano,96,74,102.66007285714299,103.033635982143
True,piano,96,72,103.05416142857156,103.42772455357157
True,piano,96,69,103.44825000000013,103.63462105357156
False,piano,96,72,103.64529428571443,103.83166533928586
False,piano,96,74,103.84233857142873,104.02870962500016
False,piano,96,69,104.03938285714302,104.22575391071446
False,piano,96,69,104.23642714285732,104.42279819642876
False,piano,96,81,104.43347142857162,104.80703455357163
True,piano,96,76,104.82756000000019,105.2011231250002
False,piano,96,75,105.41869285714306,105.79225598214306
False,piano,96,74,105.81278142857163,106.18634455357163
False,piano,96,72,106.2068700000002,106.5804331250002
False,piano,96,69,106.60095857142876,106.7873296250002
True,piano,96,72,106.79800285714306,106.9843739107145
True,piano,96,74,106.99504714285736,107.1814181964288
False,piano,96,69,107.19209142857166,107.37846248214309
True,piano,96,69,107.38913571428596,107.57550676785739
False,piano,96,81,107.58618000000025,107.95974312500026
False,piano,96,76,107.98026857142882,108.35383169642883
False,piano,96,75,108.57140142857169,108.9449645535717
True,piano,96,74,108.96549000000026,109.33905312500026
False,piano,96,72,109.35957857142883,109.73314169642883
False,piano,96,69,109.7536671428574,109.94003819642883
True,piano,96,72,109.9507114285717,110.13708248214313
False,piano,96,74,110.14775571428599,110.33412676785743
True,piano,96,69,110.34480000000029,110.53117105357173
False,piano,96,69,110.54184428571459,110.72821533928602
True,piano,96,81,110.73888857142889,111.11245169642889
False,piano,96,76,111.13297714285746,111.50654026785746
True,piano,96,75,111.72411000000032,112.09767312500033
False,piano,96,74,112.11819857142889,112.4917616964289
False,piano,96,72,112.51228714285746,112.88585026785746
False,piano,96,69,112.90637571428603,113.09274676785746
True,piano,96,72,113.10342000000033,113.28979105357176
True,piano,96,74,113.30046428571463,113.48683533928606
False,piano,96,69,113.49750857142892,113.68387962500036
True,piano,96,69,113.69455285714322,113.88092391071466
False,piano,96,81,113.89159714285752,114.26516026785752
False,piano,96,76,114.28568571428609,114.6592488392861
False,piano,96,75,114.87681857142896,115.25038169642896
True,piano,96,74,115.27090714285752,115.64447026785753
True,piano,96,72,115.66499571428609,116.0385588392861
False,piano,96,69,116.05908428571466,116.2454553392861
False,piano,96,72,116.25612857142896,116.4424996250004
True,piano,96,74,116.45317285714326,116.63954391071469
False,piano,49,74,130.83740571428612,130.93018073214327
True,piano,51,75,130.93592785714327,131.02870287500042
True,piano,54,76,131.03445000000042,131.12722501785757
True,piano,57,75,131.13297214285757,131.22574716071472
False,piano,60,74,131.23149428571472,131.32426930357187
True,piano,63,75,131.33001642857187,131.42279144642902
False,piano,66,76,131.42853857142902,131.52131358928617
False,piano,69,75,131.52706071428616,131.61983573214331
False,piano,72,74,131.6255828571433,131.71835787500046
False,piano,75,75,131.72410500000046,131.8168800178576
True,piano,78,76,131.8226271428576,131.91540216071476
True,piano,81,75,131.92114928571476,132.0139243035719
True,piano,84,74,132.0196714285719,132.11244644642906
False,piano,87,72,132.11819357142906,132.2109685892862
False,piano,90,71,132.2167157142862,132.30949073214336
False,piano,93,69,132.31523785714336,132.4080128750005
False,piano,96,69,132.4137600000005,132.60013105357194
False,piano,96,64,132.6108042857148,132.79717533928624
False,piano,96,77,132.8078485714291,132.99421962500054
False,piano,96,64,133.0048928571434,133.19126391071484
True,piano,96,69,133.2019371428577,133.38830819642914
False,piano,96,64,133.398981428572,133.58535248214343
False,piano,96,76,133.5960257142863,133.78239676785773
False,piano,96,72,133.7930700000006,133.97944105357203
True,piano,96,69,133.9901142857149,134.17648533928633
True,piano,96,64,134.1871585714292,134.37352962500063
True,piano,96,77,134.3842028571435,134.57057391071493
False,piano,96,64,134.5812471428578,134.76761819642923
True,piano,96,69,134.7782914285721,134.96466248214352
False,piano,96,64,134.9753357142864,135.16170676785782
False,piano,96,76,135.1723800000007,135.35875105357212
True,piano,96,74,135.36942428571498,135.46219930357213
True,piano,96,72,135.46794642857213,135.56072144642928
True,piano,96,69,135.56646857142928,135.75283962500072
False,piano,96,64,135.76351285714358,135.94988391071502
False,piano,96,77,135.96055714285788,136.14692819642931
False,piano,96,64,136.15760142857218,136.3439724821436
False,piano,96,69,136.35464571428648,136.5410167678579
False,piano,96,64,136.55169000000078,136.7380610535722
False,piano,96,76,136.74873428571507,136.9351053392865
False,piano,96,72,136.94577857142937,137.1321496250008
True,piano,96,69,137.14282285714367,137.3291939107151
False,piano,96,64,137.33986714285797,137.5262381964294
False,piano,96,72,137.53691142857227,137.7232824821437
True,piano,96,71,137.73395571428657,137.920326767858
False,piano,96,69,137.93100000000086,138.1173710535723
False,piano,96,68,138.12804428571516,138.3144153392866
False,piano,96,64,138.32508857142946,138.5114596250009
False,piano,96,68,138.52213285714376,138.7085039107152
True,piano,96,69,138.71917714285806,138.89933587301678
True,piano,96,64,138.90965333333423,139.08981206349296
True,piano,96,77,139.1001295238104,139.28028825396913
False,piano,96,64,139.29060571428658,139.4707644444453
True,piano,96,69,139.48108190476276,139.66124063492148
True,piano,96,64,139.67155809523894,139.85171682539766
False,piano,96,76,139.8620342857151,140.04219301587383
True,piano,96,72,140.0525104761913,140.23266920635
True,piano,96,69,140.24298666666746,140.4231453968262
False,piano,96,64,140.43346285714364,140.61362158730236
False,piano,96,77,140.6239390476198,140.80409777777854
False,piano,96,64,140.814415238096,140.9945739682547
True,piano,96,69,141.00489142857217,141.1850501587309
False,piano,96,64,141.19536761904834,141.37552634920706
False,piano,96,76,141.38584380952452,141.56600253968324
False,piano,96,74,141.5763200000007,141.66600253968323
True,piano,96,72,141.6715580952388,141.76124063492134
True,piano,96,69,141.7667961904769,141.94695492063562
True,piano,96,64,141.95727238095307,142.1374311111118
True,piano,96,77,142.14774857142925,142.32790730158797
False,piano,96,64,142.33822476190542,142.51838349206415
True,piano,96,69,142.5287009523816,142.70885968254032
False,piano,96,64,142.71917714285777,142.8993358730165
False,piano,96,76,142.90965333333395,143.08981206349267
True,piano,96,72,143.10012952381012,143.28028825396885
False,piano,96,69,143.2906057142863,143.47076444444502
False,piano,96,64,143.48108190476248,143.6612406349212
True,piano,96,72,143.67155809523865,143.85171682539738
True,piano,96,71,143.86203428571483,144.04219301587355
False,piano,96,69,144.052510476191,144.23266920634973
False,piano,96,68,144.24298666666718,144.4231453968259
True,piano,96,64,144.43346285714335,144.61362158730208
False,piano,96,68,144.62393904761953,144.80409777777825
False,piano,96,69,144.8144152380957,144.98876249801634
False,piano,96,64,144.9987471428576,145.17309440277825
False,piano,96,77,145.18307904761951,145.35742630754015
False,piano,96,64,145.36741095238142,145.54175821230206
True,piano,96,69,145.55174285714332,145.72609011706396
True,piano,96,64,145.73607476190523,145.91042202182587
True,piano,96,76,145.92040666666713,146.09475392658777
False,piano,96,72,146.10473857142904,146.27908583134968
True,piano,96,69,146.28907047619094,146.46341773611158
True,piano,96,64,146.47340238095285,146.64774964087349
True,piano,96,77,146.65773428571475,146.8320815456354
True,piano,96,64,146.84206619047666,147.0164134503973
False,piano,96,69,147.02639809523856,147.2007453551592
False,piano,96,64,147.21073000000047,147.3850772599211
True,piano,96,76,147.39506190476237,147.569409164683
False,piano,96,74,147.57939380952428,147.66618341468302
False,piano,96,72,147.67155976190523,147.75834936706397
True,piano,96,69,147.76372571428618,147.93807297420682
True,piano,96,64,147.9480576190481,148.12240487896872
False,piano,96,77,148.13238952381,148.30673678373063
True,piano,96,64,148.3167214285719,148.49106868849253
True,piano,96,69,148.5010533333338,148.67540059325444
True,piano,96,64,148.6853852380957,148.85973249801634
True,piano,96,76,148.8697171428576,149.04406440277825
False,piano,96,72,149.05404904761951,149.22839630754015
True,piano,96,69,149.23838095238142,149.41272821230206
True,piano,96,64,149.42271285714332,149.59706011706396
False,piano,96,72,149.60704476190523,149.78139202182587
False,piano,96,71,149.79137666666713,149.96572392658777
True,piano,96,69,149.97570857142904,150.15005583134968
True,piano,96,68,150.16004047619094,150.33438773611158
True,piano,96,64,150.34437238095285,150.51871964087348
False,piano,96,68,150.52870428571475,150.7030515456354
False,piano,96,69,150.71303619047666,150.88193500000045
False,piano,96,64,150.89160761904807,151.06050642857187
True,piano,96,77,151.0701790476195,151.2390778571433
True,piano,96,64,151.2487504761909,151.4176492857147
True,piano,96,69,151.42732190476232,151.59622071428612
False,piano,96,64,151.60589333333374,151.77479214285754
False,piano,96,76,151.78446476190516,151.95336357142895
False,piano,96,72,151.96303619047657,152.13193500000037
False,piano,96,69,152.141607619048,152.31050642857178
False,piano,96,64,152.3201790476194,152.4890778571432
False,piano,96,77,152.49875047619082,152.66764928571462
True,piano,96,64,152.67732190476224,152.84622071428603
False,piano,96,69,152.85589333333365,153.02479214285745
True,piano,96,64,153.03446476190507,153.20336357142887
False,piano,96,76,153.2130361904765,153.38193500000028
True,piano,96,74,153.3916076190479,153.47568500000028
True,piano,96,72,153.48089333333363,153.564970714286
False,piano,96,69,153.57017904761935,153.73907785714314
False,piano,96,64,153.74875047619076,153.91764928571456
True,piano,96,77,153.92732190476218,154.09622071428598
True,piano,96,64,154.1058933333336,154.2747921428574
True,piano,96,69,154.284464761905,154.4533635714288
True,piano,96,64,154.46303619047643,154.63193500000023
False,piano,96,76,154.64160761904785,154.81050642857164
True,piano,96,72,154.82017904761926,154.98907785714306
False,piano,96,69,154.99875047619068,155.16764928571448
False,piano,96,64,155.1773219047621,155.3462207142859
True,piano,96,72,155.3558933333335,155.5247921428573
False,piano,96,71,155.53446476190493,155.70336357142872
True,piano,96,69,155.71303619047634,155.88193500000014
False,piano,96,68,155.89160761904776,156.06050642857156
False,piano,96,64,156.07017904761918,156.23907785714297
True,piano,96,68,156.2487504761906,156.4176492857144
True,piano,96,45,0.0,0.18015873015873016
False,piano,96,57,0.19047619047619047,0.37063492063492065
False,piano,96,60,0.19047619047619047,0.37063492063492065
True,piano,96,57,0.380952380952381,0.5611111111111111
False,piano,96,60,0.380952380952381,0.5611111111111111
True,piano,96,45,0.5714285714285714,0.7515873015873016
False,piano,96,57,0.7619047619047619,0.942063492063492
False,piano,96,60,0.7619047619047619,0.942063492063492
True,piano,96,57,0.9523809523809523,1.1325396825396825
False,piano,96,60,0.9523809523809523,1.1325396825396825
False,piano,96,45,1.1428571428571428,1.323015873015873
False,piano,96,57,1.3333333333333333,1.5134920634920634
False,piano,96,60,1.3333333333333333,1.5134920634920634
True,piano,96,44,1.5238095238095237,1.703968253968254
False,piano,96,56,1.7142857142857142,1.8944444444444444
True,piano,96,59,1.7142857142857142,1.8944444444444444
True,piano,96,56,1.9047619047619047,2.0849206349206346
False,piano,96,59,1.9047619047619047,2.0849206349206346
False,piano,96,44,2.095238095238095,2.275396825396825
False,piano,96,56,2.285714285714285,2.465873015873015
False,piano,96,59,2.285714285714285,2.465873015873015
True,piano,96,56,2.4761904761904754,2.6563492063492053
False,piano,96,59,2.4761904761904754,2.6563492063492053
True,piano,96,44,2.6666666666666656,2.8468253968253956
False,piano,96,56,2.857142857142856,3.037301587301586
True,piano,96,59,2.857142857142856,3.037301587301586
False,piano,96,41,3.047619047619046,3.227777777777776
True,piano,96,48,3.2380952380952364,3.4182539682539663
True,piano,96,53,3.2380952380952364,3.4182539682539663
True,piano,96,48,3.4285714285714266,3.6087301587301566
True,piano,96,53,3.4285714285714266,3.6087301587301566
False,piano,96,41,3.619047619047617,3.799206349206347
True,piano,96,48,3.809523809523807,3.989682539682537
False,piano,96,53,3.809523809523807,3.989682539682537
False,piano,96,48,3.9999999999999973,4.180158730158728
True,piano,96,53,3.9999999999999973,4.180158730158728
True,piano,96,41,4.190476190476188,4.370634920634918
False,piano,96,48,4.380952380952379,4.561111111111109
False,piano,96,53,4.380952380952379,4.561111111111109
False,piano,96,38,4.571428571428569,4.7515873015873
False,piano,96,45,4.76190476190476,4.9420634920634905
False,piano,96,50,4.76190476190476,4.9420634920634905
True,piano,96,45,4.952380952380951,5.132539682539681
False,piano,96,50,4.952380952380951,5.132539682539681
False,piano,96,38,5.1428571428571415,5.323015873015872
True,piano,96,40,5.333333333333332,5.513492063492063
False,piano,96,47,5.523809523809523,5.703968253968253
False,piano,96,52,5.523809523809523,5.703968253968253
True,piano,96,40,5.7142857142857135,5.894444444444444
True,piano,96,47,5.904761904761904,6.084920634920635
True,piano,96,52,5.904761904761904,6.084920634920635
True,piano,96,45,6.095238095238095,6.275396825396825
True,piano,96,57,6.285714285714286,6.465873015873016
False,piano,96,60,6.285714285714286,6.465873015873016
True,piano,96,57,6.476190476190476,6.656349206349207
False,piano,96,60,6.476190476190476,6.656349206349207
True,piano,96,45,6.666666666666667,6.846825396825397
False,piano,96,57,6.857142857142858,7.037301587301588
True,piano,96,60,6.857142857142858,7.037301587301588
True,piano,96,57,7.047619047619048,7.227777777777779
False,piano,96,60,7.047619047619048,7.227777777777779
False,piano,96,45,7.238095238095239,7.418253968253969
True,piano,96,57,7.42857142857143,7.60873015873016
False,piano,96,60,7.42857142857143,7.60873015873016
False,piano,96,44,7.61904761904762,7.799206349206351
False,piano,96,56,7.809523809523811,7.9896825396825415
True,piano,96,59,7.809523809523811,7.9896825396825415
True,piano,96,56,8.000000000000002,8.180158730158732
True,piano,96,59,8.000000000000002,8.180158730158732
False,piano,96,44,8.190476190476193,8.370634920634924
True,piano,96,56,8.380952380952385,8.561111111111115
False,piano,96,59,8.380952380952385,8.561111111111115
False,piano,96,56,8.571428571428577,8.751587301587307
False,piano,96,59,8.571428571428577,8.751587301587307
True,piano,96,44,8.761904761904768,8.942063492063498
False,piano,96,56,8.95238095238096,9.13253968253969
True,piano,96,59,8.95238095238096,9.13253968253969
False,piano,96,41,9.142857142857151,9.323015873015882
False,piano,96,48,9.333333333333343,9.513492063492073
True,piano,96,53,9.333333333333343,9.513492063492073
False,piano,96,48,9.523809523809534,9.703968253968265
False,piano,96,53,9.523809523809534,9.703968253968265
True,piano,96,41,9.714285714285726,9.894444444444456
True,piano,96,48,9.904761904761918,10.084920634920648
True,piano,96,53,9.904761904761918,10.084920634920648
False,piano,96,48,10.095238095238109,10.27539682539684
False,piano,96,53,10.095238095238109,10.27539682539684
True,piano,96,41,10.2857142857143,10.465873015873031
True,piano,96,48,10.476190476190492,10.656349206349223
True,piano,96,53,10.476190476190492,10.656349206349223
True,piano,96,38,10.666666666666684,10.846825396825414
True,piano,96,45,10.857142857142875,11.037301587301606
False,piano,96,50,10.857142857142875,11.037301587301606
False,piano,96,45,11.047619047619067,11.227777777777797
False,piano,96,50,11.047619047619067,11.227777777777797
False,piano,96,38,11.238095238095259,11.418253968253989
True,piano,96,40,11.42857142857145,11.60873015873018
True,piano,96,47,11.619047619047642,11.799206349206372
False,piano,96,52,11.619047619047642,11.799206349206372
False,piano,96,40,11.809523809523833,11.989682539682564
True,piano,96,47,12.000000000000025,12.180158730158755
True,piano,96,52,12.000000000000025,12.180158730158755
True,piano,96,45,12.190476190476216,12.370634920634947
True,piano,96,57,12.380952380952408,12.561111111111138
True,piano,96,60,12.380952380952408,12.561111111111138
True,piano,96,57,12.5714285714286,12.75158730158733
True,piano,96,60,12.5714285714286,12.75158730158733
False,piano,96,45,12.761904761904791,12.942063492063522
False,piano,96,57,12.952380952380983,13.132539682539713
False,piano,96,60,12.952380952380983,13.132539682539713
False,piano,96,57,13.142857142857174,13.323015873015905
False,piano,96,60,13.142857142857174,13.323015873015905
False,piano,96,45,13.333333333333366,13.513492063492096
True,piano,96,57,13.523809523809557,13.703968253968288
False,piano,96,60,13.523809523809557,13.703968253968288
True,piano,96,44,13.714285714285749,13.89444444444448
False,piano,96,56,13.90476190476194,14.084920634920671
True,piano,96,59,13.90476190476194,14.084920634920671
True,piano,96,56,14.095238095238132,14.275396825396863
False,piano,96,59,14.095238095238132,14.275396825396863
True,piano,96,44,14.285714285714324,14.465873015873054
False,piano,96,56,14.476190476190515,14.656349206349246
False,piano,96,59,14.476190476190515,14.656349206349246
True,piano,96,56,14.666666666666707,14.846825396825437
True,piano,96,59,14.666666666666707,14.846825396825437
False,piano,96,44,14.857142857142899,15.037301587301629
False,piano,96,56,15.04761904761909,15.22777777777782
False,piano,96,59,15.04761904761909,15.22777777777782
False,piano,96,41,15.238095238095282,15.418253968254012
True,piano,96,48,15.428571428571473,15.608730158730204
False,piano,96,53,15.428571428571473,15.608730158730204
False,piano,96,48,15.619047619047665,15.799206349206395
True,piano,96,53,15.619047619047665,15.799206349206395
True,piano,96,41,15.809523809523856,15.989682539682587
True,piano,96,48,16.000000000000046,16.180158730158777
True,piano,96,53,16.000000000000046,16.180158730158777
False,piano,96,48,16.190476190476236,16.370634920634966
True,piano,96,53,16.190476190476236,16.370634920634966
True,piano,96,41,16.380952380952426,16.561111111111156
False,piano,96,48,16.571428571428616,16.751587301587346
False,piano,96,53,16.571428571428616,16.751587301587346
True,piano,96,38,16.761904761904805,16.942063492063536
False,piano,96,45,16.952380952380995,17.132539682539726
False,piano,96,50,16.952380952380995,17.132539682539726
True,piano,96,45,17.142857142857185,17.323015873015915
True,piano,96,50,17.142857142857185,17.323015873015915
True,piano,96,38,17.333333333333375,17.513492063492105
True,piano,96,40,17.523809523809565,17.703968253968295
True,piano,96,47,17.714285714285754,17.894444444444485
False,piano,96,52,17.714285714285754,17.894444444444485
False,piano,96,40,17.904761904761944,18.084920634920675
True,piano,96,47,18.095238095238134,18.275396825396864
True,piano,96,52,18.095238095238134,18.275396825396864
False,piano,96,45,19.80952380952385,19.98968253968258
True,piano,96,57,19.80952380952385,19.98968253968258
True,piano,96,45,20.00000000000004,20.089682539682578
True,piano,96,45,20.095238095238134,20.184920634920672
False,piano,96,57,20.19047619047623,20.37063492063496
False,piano,96,45,20.38095238095242,20.56111111111115
True,piano,96,45,20.57142857142861,20.75158730158734
True,piano,96,57,20.57142857142861,20.75158730158734
True,piano,96,45,20.7619047619048,20.851587301587337
True,piano,96,45,20.857142857142893,20.94682539682543
False,piano,96,57,20.952380952380988,21.042063492063527
True,piano,96,57,21.047619047619083,21.13730158730162
False,piano,96,45,21.142857142857178,21.232539682539716
False,piano,96,45,21.238095238095273,21.32777777777781
True,piano,96,44,21.333333333333368,21.513492063492098
True,piano,96,56,21.333333333333368,21.513492063492098
True,piano,96,44,21.523809523809557,21.613492063492096
False,piano,96,44,21.619047619047652,21.70873015873019
True,piano,96,56,21.714285714285747,21.894444444444478
True,piano,96,44,21.904761904761937,22.084920634920667
True,piano,96,44,22.095238095238127,22.275396825396857
True,piano,96,56,22.095238095238127,22.275396825396857
False,piano,96,44,22.285714285714317,22.375396825396855
True,piano,96,44,22.38095238095241,22.47063492063495
True,piano,96,56,22.476190476190506,22.565873015873045
False,piano,96,56,22.5714285714286,22.66111111111114
True,piano,96,44,22.666666666666696,22.756349206349235
False,piano,96,44,22.76190476190479,22.85158730158733
False,piano,96,41,22.857142857142886,23.037301587301616
False,piano,96,53,22.857142857142886,23.037301587301616
False,piano,96,41,23.047619047619076,23.137301587301614
False,piano,96,41,23.14285714285717,23.23253968253971
False,piano,96,53,23.238095238095266,23.418253968253996
True,piano,96,41,23.428571428571455,23.608730158730186
False,piano,96,41,23.619047619047645,23.799206349206376
True,piano,96,53,23.619047619047645,23.799206349206376
False,piano,96,41,23.809523809523835,23.899206349206374
False,piano,96,41,23.90476190476193,23.99444444444447
True,piano,96,53,24.000000000000025,24.089682539682563
False,piano,96,53,24.09523809523812,24.18492063492066
False,piano,96,41,24.190476190476215,24.280158730158753
False,piano,96,41,24.28571428571431,24.375396825396848
False,piano,96,38,24.380952380952404,24.561111111111135
False,piano,96,50,24.380952380952404,24.561111111111135
False,piano,96,38,24.571428571428594,24.661111111111133
False,piano,96,38,24.66666666666669,24.756349206349228
False,piano,96,50,24.761904761904784,24.942063492063514
False,piano,96,38,24.952380952380974,25.132539682539704
False,piano,96,40,25.142857142857164,25.323015873015894
True,piano,96,52,25.142857142857164,25.323015873015894
True,piano,96,40,25.333333333333353,25.423015873015892
True,piano,96,40,25.42857142857145,25.518253968253987
True,piano,96,52,25.523809523809543,25.61349206349208
True,piano,96,52,25.619047619047638,25.708730158730177
False,piano,96,40,25.714285714285733,25.80396825396827
True,piano,96,40,25.809523809523828,25.899206349206366
True,piano,96,45,25.904761904761923,26.084920634920653
False,piano,96,57,25.904761904761923,26.084920634920653
False,piano,96,45,26.095238095238113,26.18492063492065
False,piano,96,45,26.190476190476208,26.280158730158746
True,piano,96,57,26.285714285714302,26.465873015873033
True,piano,96,45,26.476190476190492,26.656349206349223
False,piano,96,45,26.666666666666682,26.846825396825412
True,piano,96,57,26.666666666666682,26.846825396825412
True,piano,96,45,26.857142857142872,26.94682539682541
False,piano,96,45,26.952380952380967,27.042063492063505
False,piano,96,57,27.04761904761906,27.1373015873016
True,piano,96,57,27.142857142857157,27.232539682539695
True,piano,96,45,27.23809523809525,27.32777777777779
True,piano,96,45,27.333333333333346,27.423015873015885
False,piano,96,44,27.42857142857144,27.60873015873017
True,piano,96,56,27.42857142857144,27.60873015873017
True,piano,96,44,27.61904761904763,27.70873015873017
False,piano,96,44,27.714285714285726,27.803968253968264
False,piano,96,56,27.80952380952382,27.98968253968255
False,piano,96,44,28.00000000000001,28.18015873015874
False,piano,96,44,28.1904761904762,28.37063492063493
False,piano,96,56,28.1904761904762,28.37063492063493
False,piano,96,44,28.38095238095239,28.47063492063493
True,piano,96,44,28.476190476190485,28.565873015873024
False,piano,96,56,28.57142857142858,28.66111111111112
True,piano,96,56,28.666666666666675,28.756349206349213
False,piano,96,44,28.76190476190477,28.85158730158731
False,piano,96,44,28.857142857142865,28.946825396825403
True,piano,96,41,28.95238095238096,29.13253968253969
True,piano,96,53,28.95238095238096,29.13253968253969
False,piano,96,41,29.14285714285715,29.232539682539688
False,piano,96,41,29.238095238095244,29.327777777777783
True,piano,96,53,29.33333333333334,29.51349206349207
True,piano,96,41,29.52380952380953,29.70396825396826
False,piano,96,41,29.71428571428572,29.89444444444445
False,piano,96,53,29.71428571428572,29.89444444444445
False,piano,96,41,29.90476190476191,29.994444444444447
True,piano,96,41,30.000000000000004,30.089682539682542
False,piano,96,53,30.0952380952381,30.184920634920637
True,piano,96,53,30.190476190476193,30.280158730158732
False,piano,96,41,30.28571428571429,30.375396825396827
True,piano,96,41,30.380952380952383,30.47063492063492
False,piano,96,38,30.476190476190478,30.65634920634921
False,piano,96,50,30.476190476190478,30.65634920634921
False,piano,96,38,30.666666666666668,30.756349206349206
True,piano,96,38,30.761904761904763,30.8515873015873
False,piano,96,50,30.857142857142858,31.037301587301588
True,piano,96,38,31.047619047619047,31.227777777777778
False,piano,96,40,31.238095238095237,31.418253968253968
False,piano,96,52,31.238095238095237,31.418253968253968
False,piano,96,40,31.428571428571427,31.518253968253966
True,piano,96,40,31.523809523809522,31.61349206349206
False,piano,96,52,31.619047619047617,31.708730158730155
False,piano,96,52,31.71428571428571,31.80396825396825
True,piano,96,40,31.809523809523807,31.899206349206345
True,piano,96,40,31.9047619047619,31.99444444444444
False,piano,96,45,31.999999999999996,32.18015873015872
True,piano,96,57,31.999999999999996,32.18015873015872
False,piano,96,45,32.19047619047618,32.280158730158725
False,piano,96,45,32.28571428571428,32.37539682539682
False,piano,96,57,32.38095238095237,32.5611111111111
True,piano,96,45,32.57142857142856,32.75158730158729
False,piano,96,45,32.76190476190475,32.94206349206348
False,piano,96,57,32.76190476190475,32.94206349206348
True,piano,96,45,32.95238095238094,33.042063492063484
True,piano,96,45,33.04761904761904,33.13730158730158
True,piano,96,57,33.14285714285713,33.232539682539674
False,piano,96,57,33.23809523809523,33.32777777777777
True,piano,96,45,33.33333333333332,33.42301587301586
False,piano,96,45,33.428571428571416,33.51825396825396
True,piano,96,44,33.52380952380951,33.70396825396824
False,piano,96,56,33.52380952380951,33.70396825396824
True,piano,96,44,33.7142857142857,33.80396825396824
False,piano,96,44,33.809523809523796,33.89920634920634
True,piano,96,56,33.90476190476189,34.08492063492062
True,piano,96,44,34.09523809523808,34.27539682539681
True,piano,96,44,34.28571428571427,34.465873015873
False,piano,96,56,34.28571428571427,34.465873015873
False,piano,96,44,34.47619047619046,34.565873015873
True,piano,96,44,34.571428571428555,34.6611111111111
False,piano,96,56,34.66666666666665,34.75634920634919
False,piano,96,56,34.761904761904745,34.85158730158729
True,piano,96,44,34.85714285714284,34.94682539682538
True,piano,96,44,34.952380952380935,35.04206349206348
True,piano,96,41,35.04761904761903,35.22777777777776
False,piano,96,53,35.04761904761903,35.22777777777776
True,piano,96,41,35.23809523809522,35.32777777777776
False,piano,96,41,35.333333333333314,35.423015873015856
True,piano,96,53,35.42857142857141,35.60873015873014
True,piano,96,41,35.6190476190476,35.79920634920633
False,piano,96,41,35.80952380952379,35.98968253968252
True,piano,96,53,35.80952380952379,35.98968253968252
False,piano,96,41,35.99999999999998,36.08968253968252
True,piano,96,41,36.095238095238074,36.184920634920616
True,piano,96,53,36.19047619047617,36.28015873015871
False,piano,96,53,36.28571428571426,36.375396825396805
True,piano,96,41,36.38095238095236,36.4706349206349
False,piano,96,41,36.47619047619045,36.565873015872995
False,piano,96,38,36.57142857142855,36.75158730158728
False,piano,96,50,36.57142857142855,36.75158730158728
False,piano,96,38,36.76190476190474,36.85158730158728
True,piano,96,38,36.85714285714283,36.946825396825375
False,piano,96,50,36.95238095238093,37.13253968253966
True,piano,96,38,37.14285714285712,37.32301587301585
True,piano,96,40,37.33333333333331,37.51349206349204
True,piano,96,52,37.33333333333331,37.51349206349204
True,piano,96,40,37.5238095238095,37.61349206349204
False,piano,96,40,37.61904761904759,37.708730158730134
True,piano,96,52,37.71428571428569,37.80396825396823
False,piano,96,52,37.80952380952378,37.899206349206324
True,piano,96,40,37.90476190476188,37.99444444444442
False,piano,96,40,37.99999999999997,38.089682539682514
True,piano,96,45,38.09523809523807,38.2753968253968
True,piano,96,57,38.09523809523807,38.2753968253968
False,piano,96,45,38.285714285714256,38.3753968253968
False,piano,96,45,38.38095238095235,38.47063492063489
True,piano,96,57,38.476190476190446,38.65634920634918
False,piano,96,45,38.666666666666636,38.846825396825366
True,piano,96,45,38.857142857142826,39.037301587301556
True,piano,96,57,38.857142857142826,39.037301587301556
False,piano,96,45,39.047619047619015,39.13730158730156
True,piano,96,45,39.14285714285711,39.23253968253965
True,piano,96,57,39.238095238095205,39.32777777777775
False,piano,96,57,39.3333333333333,39.42301587301584
False,piano,96,45,39.428571428571395,39.51825396825394
True,piano,96,45,39.52380952380949,39.61349206349203
True,piano,96,44,39.619047619047585,39.799206349206315
False,piano,96,56,39.619047619047585,39.799206349206315
False,piano,96,44,39.809523809523775,39.89920634920632
False,piano,96,44,39.90476190476187,39.99444444444441
False,piano,96,56,39.999999999999964,40.180158730158695
False,piano,96,44,40.190476190476154,40.370634920634885
True,piano,96,44,40.380952380952344,40.561111111111074
False,piano,96,56,40.380952380952344,40.561111111111074
False,piano,96,44,40.571428571428534,40.661111111111076
False,piano,96,44,40.66666666666663,40.75634920634917
True,piano,96,56,40.761904761904724,40.851587301587266
False,piano,96,56,40.85714285714282,40.94682539682536
False,piano,96,44,40.95238095238091,41.042063492063455
True,piano,96,44,41.04761904761901,41.13730158730155
True,piano,96,41,41.1428571428571,41.323015873015834
False,piano,96,53,41.1428571428571,41.323015873015834
True,piano,96,41,41.33333333333329,41.423015873015835
True,piano,96,41,41.42857142857139,41.51825396825393
True,piano,96,53,41.52380952380948,41.70396825396821
True,piano,96,41,41.71428571428567,41.8944444444444
False,piano,96,41,41.90476190476186,42.08492063492059
True,piano,96,53,41.90476190476186,42.08492063492059
False,piano,96,41,42.09523809523805,42.184920634920594
True,piano,96,41,42.19047619047615,42.28015873015869
False,piano,96,53,42.28571428571424,42.375396825396784
False,piano,96,53,42.38095238095234,42.47063492063488
False,piano,96,41,42.47619047619043,42.565873015872974
True,piano,96,41,42.57142857142853,42.66111111111107
True,piano,96,38,42.66666666666662,42.84682539682535
False,piano,96,50,42.66666666666662,42.84682539682535
True,piano,96,38,42.85714285714281,42.94682539682535
False,piano,96,38,42.952380952380906,43.04206349206345
True,piano,96,50,43.047619047619,43.22777777777773
False,piano,96,38,43.23809523809519,43.41825396825392
False,piano,96,40,43.42857142857138,43.60873015873011
False,piano,96,52,43.42857142857138,43.60873015873011
True,piano,96,40,43.61904761904757,43.70873015873011
True,piano,96,40,43.714285714285666,43.80396825396821
False,piano,96,52,43.80952380952376,43.8992063492063
True,piano,96,52,43.904761904761855,43.9944444444444
False,piano,96,40,43.99999999999995,44.08968253968249
False,piano,96,40,44.095238095238045,44.18492063492059
True,piano,96,45,44.19047619047614,44.37063492063487
False,piano,96,57,44.19047619047614,44.37063492063487
True,piano,96,45,44.38095238095233,44.47063492063487
True,piano,96,45,44.476190476190425,44.56587301587297
True,piano,96,57,44.57142857142852,44.75158730158725
True,piano,96,45,44.76190476190471,44.94206349206344
True,piano,96,45,44.9523809523809,45.13253968253963
True,piano,96,57,44.9523809523809,45.13253968253963
False,piano,96,45,45.14285714285709,45.23253968253963
False,piano,96,45,45.238095238095184,45.327777777777726
False,piano,96,57,45.33333333333328,45.42301587301582
False,piano,96,57,45.428571428571374,45.518253968253916
True,piano,96,45,45.52380952380947,45.61349206349201
False,piano,96,45,45.619047619047564,45.708730158730106
False,piano,96,44,45.71428571428566,45.89444444444439
False,piano,96,56,45.71428571428566,45.89444444444439
False,piano,96,44,45.90476190476185,45.99444444444439
False,piano,96,44,45.99999999999994,46.089682539682485
False,piano,96,56,46.09523809523804,46.27539682539677
True,piano,96,44,46.28571428571423,46.46587301587296
False,piano,96,44,46.47619047619042,46.65634920634915
False,piano,96,56,46.47619047619042,46.65634920634915
False,piano,96,44,46.66666666666661,46.75634920634915
False,piano,96,44,46.7619047619047,46.851587301587244
False,piano,96,56,46.8571428571428,46.94682539682534
False,piano,96,56,46.95238095238089,47.042063492063434
True,piano,96,44,47.04761904761899,47.13730158730153
False,piano,96,44,47.14285714285708,47.232539682539624
True,piano,96,41,47.23809523809518,47.41825396825391
False,piano,96,53,47.23809523809518,47.41825396825391
True,piano,96,41,47.42857142857137,47.51825396825391
False,piano,96,41,47.52380952380946,47.613492063492004
True,piano,96,53,47.61904761904756,47.79920634920629
True,piano,96,41,47.809523809523746,47.98968253968248
False,piano,96,41,47.999999999999936,48.18015873015867
True,piano,96,53,47.999999999999936,48.18015873015867
True,piano,96,41,48.190476190476126,48.28015873015867
True,piano,96,41,48.28571428571422,48.37539682539676
True,piano,96,53,48.380952380952316,48.47063492063486
True,piano,96,53,48.47619047619041,48.56587301587295
False,piano,96,41,48.571428571428505,48.66111111111105
False,piano,96,41,48.6666666666666,48.75634920634914
False,piano,96,38,48.761904761904695,48.942063492063426
True,piano,96,50,48.761904761904695,48.942063492063426
False,piano,96,38,48.952380952380885,49.04206349206343
False,piano,96,38,49.04761904761898,49.13730158730152
True,piano,96,50,49.142857142857075,49.323015873015805
False,piano,96,38,49.333333333333265,49.513492063491995
True,piano,96,40,49.523809523809454,49.703968253968185
False,piano,96,52,49.523809523809454,49.703968253968185
False,piano,96,40,49.714285714285644,49.803968253968186
False,piano,96,40,49.80952380952374,49.89920634920628
True,piano,96,52,49.904761904761834,49.994444444444376
True,piano,96,52,49.99999999999993,50.08968253968247
True,piano,96,40,50.095238095238024,50.184920634920566
False,piano,96,40,50.19047619047612,50.28015873015866
False,piano,33,45,50.285714285714214,50.465873015872944
False,piano,33,57,50.4761904761904,50.656349206349134
True,piano,33,60,50.4761904761904,50.656349206349134
False,piano,33,60,50.66666666666659,50.846825396825324
True,piano,33,45,50.85714285714278,51.03730158730151
True,piano,33,57,50.66666666666659,51.04761904761897
False,piano,33,60,51.04761904761897,51.2277777777777
True,piano,33,57,51.04761904761897,51.23809523809516
True,piano,33,57,51.23809523809516,51.41825396825389
True,piano,33,60,51.23809523809516,51.41825396825389
True,piano,33,45,51.42857142857135,51.60873015873008
False,piano,33,57,51.61904761904754,51.79920634920627
True,piano,33,60,51.61904761904754,51.79920634920627
False,piano,33,44,51.80952380952373,51.98968253968246
False,piano,33,56,51.99999999999992,52.18015873015865
False,piano,33,59,51.99999999999992,52.18015873015865
True,piano,33,56,52.19047619047611,52.37063492063484
True,piano,33,59,52.19047619047611,52.37063492063484
True,piano,33,44,52.3809523809523,52.56111111111103
False,piano,33,56,52.57142857142849,52.75158730158722
True,piano,33,59,52.57142857142849,52.75158730158722
False,piano,33,56,52.76190476190468,52.94206349206341
False,piano,33,59,52.76190476190468,52.94206349206341
False,piano,33,44,52.95238095238087,53.1325396825396
True,piano,33,56,53.14285714285706,53.32301587301579
True,piano,33,59,53.14285714285706,53.32301587301579
False,piano,33,41,53.33333333333325,53.51349206349198
True,piano,33,48,53.52380952380944,53.70396825396817
False,piano,33,53,53.52380952380944,53.70396825396817
True,piano,33,48,53.71428571428563,53.89444444444436
True,piano,33,53,53.71428571428563,53.89444444444436
False,piano,33,41,53.90476190476182,54.08492063492055
False,piano,33,48,54.09523809523801,54.27539682539674
True,piano,33,53,54.09523809523801,54.27539682539674
True,piano,33,48,54.2857142857142,54.46587301587293
False,piano,33,53,54.2857142857142,54.46587301587293
False,piano,33,41,54.47619047619039,54.65634920634912
False,piano,33,48,54.66666666666658,54.84682539682531
True,piano,33,53,54.66666666666658,54.84682539682531
True,piano,33,38,54.85714285714277,55.0373015873015
False,piano,33,45,55.04761904761896,55.22777777777769
False,piano,33,50,55.04761904761896,55.22777777777769
False,piano,33,45,55.23809523809515,55.41825396825388
True,piano,33,50,55.23809523809515,55.41825396825388
True,piano,33,38,55.42857142857134,55.60873015873007
False,piano,33,40,55.61904761904753,55.79920634920626
False,piano,33,47,55.80952380952372,55.98968253968245
False,piano,33,52,55.80952380952372,55.98968253968245
False,piano,33,40,55.99999999999991,56.18015873015864
False,piano,33,47,56.1904761904761,56.37063492063483
False,piano,33,52,56.1904761904761,56.37063492063483
True,piano,33,45,56.38095238095229,56.56111111111102
True,piano,33,57,56.57142857142848,56.75158730158721
True,piano,33,60,56.57142857142848,56.75158730158721
False,piano,33,60,56.76190476190467,56.9420634920634
True,piano,33,45,56.95238095238086,57.13253968253959
True,piano,33,57,56.76190476190467,57.142857142857046
False,piano,33,60,57.142857142857046,57.32301587301578
False,piano,33,57,57.142857142857046,57.333333333333236
True,piano,33,57,57.333333333333236,57.51349206349197
False,piano,33,60,57.333333333333236,57.51349206349197
False,piano,33,45,57.523809523809426,57.703968253968156
False,piano,33,57,57.714285714285616,57.894444444444346
True,piano,33,60,57.714285714285616,57.894444444444346
False,piano,33,44,57.904761904761806,58.084920634920536
True,piano,33,56,58.095238095237995,58.275396825396726
False,piano,33,59,58.095238095237995,58.275396825396726
False,piano,33,56,58.285714285714185,58.465873015872916
True,piano,33,59,58.285714285714185,58.465873015872916
False,piano,33,44,58.476190476190375,58.656349206349105
True,piano,33,56,58.666666666666565,58.846825396825295
True,piano,33,59,58.666666666666565,58.846825396825295
False,piano,33,56,58.857142857142755,59.037301587301485
False,piano,33,59,58.857142857142755,59.037301587301485
False,piano,33,44,59.047619047618944,59.227777777777675
False,piano,33,56,59.238095238095134,59.418253968253865
True,piano,33,59,59.238095238095134,59.418253968253865
True,piano,33,41,59.428571428571324,59.608730158730054
True,piano,33,48,59.619047619047514,59.799206349206244
False,piano,33,53,59.619047619047514,59.799206349206244
False,piano,33,48,59.809523809523704,59.989682539682434
True,piano,33,53,59.809523809523704,59.989682539682434
True,piano,33,41,59.99999999999989,60.180158730158624
True,piano,33,48,60.19047619047608,60.370634920634814
False,piano,33,53,60.19047619047608,60.370634920634814
False,piano,33,48,60.38095238095227,60.561111111111
False,piano,33,53,60.38095238095227,60.561111111111
True,piano,33,41,60.57142857142846,60.75158730158719
False,piano,33,48,60.76190476190465,60.94206349206338
True,piano,33,53,60.76190476190465,60.94206349206338
True,piano,33,38,60.95238095238084,61.13253968253957
False,piano,33,45,61.14285714285703,61.32301587301576
False,piano,33,50,61.14285714285703,61.32301587301576
True,piano,33,45,61.33333333333322,61.51349206349195
False,piano,33,50,61.33333333333322,61.51349206349195
True,piano,33,38,61.52380952380941,61.70396825396814
False,piano,33,40,61.7142857142856,61.89444444444433
False,piano,33,47,61.90476190476179,62.08492063492052
True,piano,33,52,61.90476190476179,62.08492063492052
True,piano,33,40,62.09523809523798,62.27539682539671
False,piano,33,47,62.28571428571417,62.4658730158729
False,piano,33,52,62.28571428571417,62.4658730158729
True,piano,33,45,62.47619047619036,62.74682539682528
True,piano,33,48,62.47619047619036,62.74682539682528
False,piano,33,60,62.85714285714274,63.03730158730147
True,piano,33,64,62.85714285714274,63.03730158730147
True,piano,33,45,63.04761904761893,63.31825396825385
True,piano,33,48,63.04761904761893,63.31825396825385
True,piano,33,45,63.42857142857131,63.60873015873004
True,piano,33,48,63.42857142857131,63.60873015873004
False,piano,33,60,63.6190476190475,63.70873015873004
True,piano,33,64,63.6190476190475,63.70873015873004
False,piano,33,45,63.714285714285595,63.98492063492051
True,piano,33,48,63.714285714285595,63.98492063492051
False,piano,33,44,63.99999999999988,64.18015873015861
False,piano,33,47,63.99999999999988,64.18015873015861
True,piano,33,59,64.38095238095227,64.56111111111099
False,piano,33,63,64.38095238095227,64.56111111111099
False,piano,33,44,64.57142857142846,64.75158730158718
False,piano,33,47,64.57142857142846,64.75158730158718
True,piano,33,44,64.95238095238084,65.13253968253956
True,piano,33,47,64.95238095238084,65.13253968253956
True,piano,33,59,65.14285714285703,65.23253968253957
False,piano,33,63,65.14285714285703,65.23253968253957
False,piano,33,44,65.23809523809513,65.50873015873005
False,piano,33,47,65.23809523809513,65.50873015873005
True,piano,33,41,65.5238095238094,65.70396825396813
False,piano,33,53,65.5238095238094,65.70396825396813
False,piano,33,62,65.90476190476178,66.08492063492051
False,piano,33,65,65.90476190476178,66.08492063492051
False,piano,33,41,66.09523809523797,66.2753968253967
True,piano,33,53,66.09523809523797,66.2753968253967
False,piano,33,41,66.47619047619035,66.65634920634908
True,piano,33,53,66.47619047619035,66.65634920634908
True,piano,33,62,66.66666666666654,66.75634920634909
True,piano,33,65,66.66666666666654,66.75634920634909
True,piano,33,41,66.76190476190465,67.03253968253956
False,piano,33,53,66.76190476190465,67.03253968253956
True,piano,33,41,67.04761904761892,67.22777777777765
False,piano,33,45,67.04761904761892,67.22777777777765
False,piano,33,59,67.4285714285713,67.60873015873003
False,piano,33,41,67.61904761904749,67.79920634920622
True,piano,33,45,67.61904761904749,67.79920634920622
False,piano,33,57,67.61904761904749,67.79920634920622
False,piano,33,40,67.80952380952368,67.9896825396824
False,piano,33,44,67.80952380952368,67.9896825396824
False,piano,33,56,67.80952380952368,67.9896825396824
False,piano,33,44,68.19047619047606,68.55158730158718
False,piano,33,47,68.19047619047606,68.55158730158718
True,piano,33,59,68.19047619047606,68.55158730158718
True,piano,33,45,68.57142857142844,68.84206349206336
False,piano,33,48,68.57142857142844,68.84206349206336
True,piano,33,60,68.95238095238082,69.13253968253954
True,piano,33,64,68.95238095238082,69.13253968253954
True,piano,33,45,69.14285714285701,69.41349206349193
False,piano,33,48,69.14285714285701,69.41349206349193
False,piano,33,45,69.52380952380939,69.70396825396811
True,piano,33,48,69.52380952380939,69.70396825396811
False,piano,33,60,69.71428571428558,69.80396825396812
True,piano,33,64,69.71428571428558,69.80396825396812
True,piano,33,45,69.80952380952368,70.0801587301586
True,piano,33,48,69.80952380952368,70.0801587301586
True,piano,33,44,70.09523809523796,70.27539682539668
False,piano,33,47,70.09523809523796,70.27539682539668
False,piano,33,59,70.47619047619034,70.65634920634906
False,piano,33,63,70.47619047619034,70.65634920634906
True,piano,33,44,70.66666666666653,70.84682539682525
False,piano,33,47,70.66666666666653,70.84682539682525
True,piano,33,44,71.04761904761891,71.22777777777763
True,piano,33,47,71.04761904761891,71.22777777777763
False,piano,33,59,71.2380952380951,71.32777777777764
True,piano,33,63,71.2380952380951,71.32777777777764
False,piano,33,44,71.3333333333332,71.60396825396812
False,piano,33,47,71.3333333333332,71.60396825396812
True,piano,33,41,71.61904761904748,71.7992063492062
True,piano,33,53,71.61904761904748,71.7992063492062
False,piano,33,62,71.99999999999986,72.18015873015858
True,piano,33,65,71.99999999999986,72.18015873015858
False,piano,33,41,72.19047619047605,72.37063492063477
True,piano,33,53,72.19047619047605,72.37063492063477
False,piano,33,41,72.57142857142843,72.75158730158715
True,piano,33,53,72.57142857142843,72.75158730158715
False,piano,33,62,72.76190476190462,72.85158730158716
True,piano,33,65,72.76190476190462,72.85158730158716
False,piano,33,41,72.85714285714272,73.12777777777764
True,piano,33,53,72.85714285714272,73.12777777777764
False,piano,33,41,73.142857142857,73.32301587301572
True,piano,33,45,73.142857142857,73.32301587301572
False,piano,33,59,73.52380952380938,73.7039682539681
False,piano,33,41,73.71428571428557,73.89444444444429
False,piano,33,45,73.71428571428557,73.89444444444429
False,piano,33,57,73.71428571428557,73.89444444444429
True,piano,33,40,73.90476190476176,74.08492063492048
False,piano,33,44,73.90476190476176,74.08492063492048
False,piano,33,56,73.90476190476176,74.08492063492048
False,piano,33,44,74.28571428571414,74.64682539682525
False,piano,33,47,74.28571428571414,74.64682539682525
False,piano,33,59,74.28571428571414,74.64682539682525
False,piano,96,41,74.66666666666652,74.84682539682524
True,piano,96,41,75.23809523809508,75.41825396825381
True,piano,96,41,75.61904761904746,75.79920634920619
True,piano,96,41,75.90476190476174,76.17539682539666
False,piano,96,40,76.19047619047602,76.37063492063474
True,piano,96,40,76.76190476190459,76.94206349206331
True,piano,96,40,77.14285714285697,77.32301587301569
False,piano,96,40,77.42857142857125,77.69920634920616
False,piano,96,45,77.71428571428552,77.89444444444425
False,piano,96,45,78.28571428571409,78.46587301587282
False,piano,96,45,78.66666666666647,78.8468253968252
False,piano,96,45,78.95238095238075,79.22301587301567
False,piano,96,43,79.23809523809503,79.41825396825375
False,piano,96,43,79.61904761904741,79.79920634920613
True,piano,96,55,79.8095238095236,79.98968253968232
False,piano,96,43,79.99999999999979,80.18015873015851
False,piano,96,43,80.19047619047598,80.3706349206347
False,piano,96,55,80.38095238095217,80.47063492063471
False,piano,96,43,80.47619047619027,80.56587301587281
False,piano,96,55,80.57142857142837,80.66111111111091
True,piano,96,43,80.66666666666647,80.75634920634901
True,piano,96,41,80.76190476190457,80.9420634920633
False,piano,96,41,81.33333333333314,81.51349206349187
True,piano,96,41,81.71428571428552,81.89444444444425
True,piano,96,41,81.9999999999998,82.27063492063472
True,piano,96,40,82.28571428571408,82.4658730158728
False,piano,96,40,82.85714285714265,83.03730158730137
False,piano,96,40,83.23809523809503,83.41825396825375
False,piano,96,40,83.5238095238093,83.79444444444422
False,piano,96,45,83.80952380952358,83.9896825396823
False,piano,96,45,84.38095238095215,84.56111111111088
True,piano,96,45,84.76190476190453,84.94206349206326
True,piano,96,45,85.04761904761881,85.31825396825373
False,piano,96,45,85.33333333333309,85.51349206349181
False,piano,96,45,85.90476190476166,86.08492063492038
True,piano,96,45,86.28571428571404,86.46587301587276
True,piano,96,45,86.57142857142831,86.84206349206323
False,piano,96,41,88.38095238095212,88.56111111111085
False,piano,96,53,88.38095238095212,88.56111111111085
False,piano,96,41,88.57142857142831,88.66111111111086
True,piano,96,41,88.66666666666642,88.75634920634896
True,piano,96,53,88.76190476190452,88.94206349206324
False,piano,96,41,88.95238095238071,89.13253968253943
True,piano,96,41,89.1428571428569,89.32301587301562
True,piano,96,53,89.1428571428569,89.32301587301562
True,piano,96,41,89.33333333333309,89.42301587301563
False,piano,96,41,89.42857142857119,89.51825396825373
False,piano,96,53,89.52380952380929,89.61349206349183
True,piano,96,53,89.6190476190474,89.70873015872994
False,piano,96,41,89.7142857142855,89.80396825396804
False,piano,96,41,89.8095238095236,89.89920634920614
False,piano,96,40,89.9047619047617,90.08492063492042
False,piano,96,52,89.9047619047617,90.08492063492042
True,piano,96,40,90.09523809523789,90.18492063492043
False,piano,96,40,90.19047619047599,90.28015873015853
False,piano,96,52,90.28571428571409,90.46587301587282
False,piano,96,40,90.47619047619028,90.656349206349
True,piano,96,40,90.66666666666647,90.8468253968252
False,piano,96,52,90.66666666666647,90.8468253968252
True,piano,96,40,90.85714285714266,90.9468253968252
True,piano,96,40,90.95238095238076,91.0420634920633
False,piano,96,52,91.04761904761887,91.13730158730141
False,piano,96,52,91.14285714285697,91.23253968253951
False,piano,96,40,91.23809523809507,91.32777777777761
False,piano,96,40,91.33333333333317,91.42301587301571
True,piano,96,45,91.42857142857127,91.60873015873
False,piano,96,57,91.42857142857127,91.60873015873
False,piano,96,45,91.61904761904746,91.70873015873
False,piano,96,45,91.71428571428557,91.80396825396811
False,piano,96,57,91.80952380952367,91.98968253968239
True,piano,96,45,91.99999999999986,92.18015873015858
False,piano,96,44,92.19047619047605,92.37063492063477
True,piano,96,56,92.19047619047605,92.37063492063477
True,piano,96,44,92.38095238095224,92.47063492063478
False,piano,96,44,92.47619047619034,92.56587301587288
True,piano,96,56,92.57142857142844,92.66111111111098
False,piano,96,56,92.66666666666654,92.75634920634909
True,piano,96,44,92.76190476190465,92.85158730158719
False,piano,96,44,92.85714285714275,92.94682539682529
True,piano,96,43,92.95238095238085,93.13253968253957
True,piano,96,55,92.95238095238085,93.13253968253957
True,piano,96,43,93.14285714285704,93.23253968253958
True,piano,96,43,93.23809523809514,93.32777777777768
True,piano,96,55,93.33333333333324,93.51349206349197
True,piano,96,43,93.52380952380943,93.70396825396816
False,piano,96,42,93.71428571428562,93.89444444444435
True,piano,96,54,93.71428571428562,93.89444444444435
True,piano,96,42,93.90476190476181,93.99444444444435
False,piano,96,42,93.99999999999991,94.08968253968246
False,piano,96,54,94.09523809523802,94.18492063492056
False,piano,96,54,94.19047619047612,94.28015873015866
True,piano,96,42,94.28571428571422,94.37539682539676
False,piano,96,42,94.38095238095232,94.47063492063486
False,piano,96,41,94.47619047619042,94.65634920634915
True,piano,96,53,94.47619047619042,94.65634920634915
True,piano,96,41,94.66666666666661,94.75634920634916
True,piano,96,41,94.76190476190472,94.85158730158726
False,piano,96,53,94.85714285714282,95.03730158730154
False,piano,96,41,95.04761904761901,95.22777777777773
False,piano,96,41,95.2380952380952,95.41825396825392
True,piano,96,53,95.2380952380952,95.41825396825392
False,piano,96,41,95.42857142857139,95.51825396825393
True,piano,96,41,95.52380952380949,95.61349206349203
False,piano,96,53,95.61904761904759,95.70873015873013
True,piano,96,53,95.7142857142857,95.80396825396824
False,piano,96,41,95.8095238095238,95.89920634920634
False,piano,96,41,95.9047619047619,95.99444444444444
False,piano,96,40,96.0,96.18015873015872
False,piano,96,52,96.0,96.18015873015872
True,piano,96,40,96.19047619047619,96.28015873015873
False,piano,96,40,96.28571428571429,96.37539682539683
False,piano,96,52,96.3809523809524,96.56111111111112
False,piano,96,40,96.57142857142858,96.7515873015873
True,piano,96,40,96.76190476190477,96.9420634920635
False,piano,96,52,96.76190476190477,96.9420634920635
False,piano,96,40,96.95238095238096,97.0420634920635
True,piano,96,40,97.04761904761907,97.13730158730161
True,piano,96,52,97.14285714285717,97.23253968253971
True,piano,96,52,97.23809523809527,97.32777777777781
False,piano,96,40,97.33333333333337,97.42301587301591
True,piano,96,40,97.42857142857147,97.51825396825402
True,piano,96,45,97.52380952380958,97.7039682539683
False,piano,96,57,97.52380952380958,97.7039682539683
False,piano,96,45,97.71428571428577,97.8039682539683
False,piano,96,45,97.80952380952387,97.89920634920641
False,piano,96,57,97.90476190476197,98.08492063492069
True,piano,96,45,98.09523809523816,98.27539682539688
True,piano,96,44,98.28571428571435,98.46587301587307
True,piano,96,56,98.28571428571435,98.46587301587307
True,piano,96,44,98.47619047619054,98.56587301587308
False,piano,96,44,98.57142857142864,98.66111111111118
True,piano,96,56,98.66666666666674,98.75634920634928
True,piano,96,56,98.76190476190484,98.85158730158739
False,piano,96,44,98.85714285714295,98.94682539682549
True,piano,96,44,98.95238095238105,99.04206349206359
False,piano,96,43,99.04761904761915,99.22777777777787
True,piano,96,55,99.04761904761915,99.22777777777787
False,piano,96,43,99.23809523809534,99.32777777777788
False,piano,96,43,99.33333333333344,99.42301587301598
True,piano,96,55,99.42857142857154,99.60873015873027
True,piano,96,43,99.61904761904773,99.79920634920646
True,piano,96,42,99.80952380952392,99.98968253968265
True,piano,96,54,99.80952380952392,99.98968253968265
False,piano,96,42,100.00000000000011,100.08968253968266
True,piano,96,42,100.09523809523822,100.18492063492076
False,piano,96,54,100.19047619047632,100.28015873015886
True,piano,96,54,100.28571428571442,100.37539682539696
True,piano,96,42,100.38095238095252,100.47063492063506
False,piano,96,42,100.47619047619062,100.56587301587317
False,piano,96,41,100.57142857142873,100.75158730158745
False,piano,96,53,100.57142857142873,100.75158730158745
True,piano,96,41,100.76190476190492,100.85158730158746
True,piano,96,41,100.85714285714302,100.94682539682556
True,piano,96,53,100.95238095238112,101.13253968253984
True,piano,96,41,101.14285714285731,101.32301587301603
False,piano,96,41,101.3333333333335,101.51349206349222
False,piano,96,53,101.3333333333335,101.51349206349222
True,piano,96,41,101.52380952380969,101.61349206349223
False,piano,96,41,101.61904761904779,101.70873015873033
False,piano,96,53,101.7142857142859,101.80396825396843
False,piano,96,53,101.809523809524,101.89920634920654
True,piano,96,41,101.9047619047621,101.99444444444464
True,piano,96,41,102.0000000000002,102.08968253968274
True,piano,96,40,102.0952380952383,102.27539682539702
True,piano,96,52,102.0952380952383,102.27539682539702
True,piano,96,40,102.28571428571449,102.37539682539703
False,piano,96,40,102.38095238095259,102.47063492063513
True,piano,96,52,102.4761904761907,102.65634920634942
True,piano,96,40,102.66666666666688,102.84682539682561
True,piano,96,40,102.85714285714307,103.0373015873018
True,piano,96,52,102.85714285714307,103.0373015873018
False,piano,96,40,103.04761904761926,103.1373015873018
False,piano,96,40,103.14285714285737,103.23253968253991
False,piano,96,52,103.23809523809547,103.32777777777801
True,piano,96,52,103.33333333333357,103.42301587301611
False,piano,96,40,103.42857142857167,103.51825396825421
False,piano,96,40,103.52380952380977,103.61349206349232
True,piano,96,45,103.61904761904788,103.7992063492066
True,piano,96,57,103.61904761904788,103.7992063492066
True,piano,96,45,103.80952380952407,103.89920634920661
True,piano,96,45,103.90476190476217,103.99444444444471
True,piano,96,57,104.00000000000027,104.180158730159
True,piano,96,45,104.19047619047646,104.37063492063518
False,piano,96,44,104.38095238095265,104.56111111111137
False,piano,96,56,104.38095238095265,104.56111111111137
False,piano,96,44,104.57142857142884,104.66111111111138
False,piano,96,44,104.66666666666694,104.75634920634948
True,piano,96,56,104.76190476190504,104.85158730158759
True,piano,96,56,104.85714285714315,104.94682539682569
True,piano,96,44,104.95238095238125,105.04206349206379
True,piano,96,44,105.04761904761935,105.13730158730189
False,piano,96,43,105.14285714285745,105.32301587301617
True,piano,96,55,105.14285714285745,105.32301587301617
True,piano,96,43,105.33333333333364,105.42301587301618
False,piano,96,43,105.42857142857174,105.51825396825429
True,piano,96,55,105.52380952380985,105.70396825396857
False,piano,96,43,105.71428571428604,105.89444444444476
False,piano,96,42,105.90476190476222,106.08492063492095
True,piano,96,54,105.90476190476222,106.08492063492095
False,piano,96,42,106.09523809523841,106.18492063492096
True,piano,96,42,106.19047619047652,106.28015873015906
False,piano,96,54,106.28571428571462,106.37539682539716
False,piano,96,54,106.38095238095272,106.47063492063526
False,piano,96,42,106.47619047619082,106.56587301587336
True,piano,96,42,106.57142857142892,106.66111111111147
True,piano,96,41,106.66666666666703,106.84682539682575
True,piano,96,53,106.66666666666703,106.84682539682575
False,piano,96,41,106.85714285714322,106.94682539682576
False,piano,96,41,106.95238095238132,107.04206349206386
True,piano,96,53,107.04761904761942,107.22777777777814
True,piano,96,41,107.23809523809561,107.41825396825433
False,piano,96,41,107.4285714285718,107.60873015873052
False,piano,96,53,107.4285714285718,107.60873015873052
False,piano,96,41,107.61904761904799,107.70873015873053
True,piano,96,41,107.71428571428609,107.80396825396863
False,piano,96,53,107.8095238095242,107.89920634920674
False,piano,96,53,107.9047619047623,107.99444444444484
False,piano,96,41,108.0000000000004,108.08968253968294
False,piano,96,41,108.0952380952385,108.18492063492104
True,piano,96,40,108.1904761904766,108.37063492063533
True,piano,96,52,108.1904761904766,108.37063492063533
False,piano,96,40,108.38095238095279,108.47063492063533
False,piano,96,40,108.4761904761909,108.56587301587344
True,piano,96,52,108.571428571429,108.75158730158772
False,piano,96,40,108.76190476190519,108.94206349206391
True,piano,96,40,108.95238095238138,109.1325396825401
False,piano,96,52,108.95238095238138,109.1325396825401
False,piano,96,40,109.14285714285757,109.23253968254011
True,piano,96,40,109.23809523809567,109.32777777777821
False,piano,96,52,109.33333333333377,109.42301587301631
True,piano,96,52,109.42857142857187,109.51825396825441
False,piano,96,40,109.52380952380997,109.61349206349252
False,piano,96,40,109.61904761904808,109.70873015873062
True,piano,96,45,109.71428571428618,109.8944444444449
True,piano,96,57,109.71428571428618,109.8944444444449
True,piano,96,45,109.90476190476237,109.99444444444491
False,piano,96,45,110.00000000000047,110.08968253968301
True,piano,96,57,110.09523809523857,110.2753968253973
True,piano,96,45,110.28571428571476,110.46587301587348
False,piano,96,44,110.47619047619095,110.65634920634967
False,piano,96,56,110.47619047619095,110.65634920634967
False,piano,96,44,110.66666666666714,110.75634920634968
False,piano,96,44,110.76190476190524,110.85158730158778
False,piano,96,56,110.85714285714334,110.94682539682589
True,piano,96,56,110.95238095238145,111.04206349206399
True,piano,96,44,111.04761904761955,111.13730158730209
False,piano,96,44,111.14285714285765,111.23253968254019
True,piano,96,43,111.23809523809575,111.41825396825448
True,piano,96,55,111.23809523809575,111.41825396825448
True,piano,96,43,111.42857142857194,111.51825396825448
True,piano,96,43,111.52380952381004,111.61349206349259
True,piano,96,55,111.61904761904815,111.79920634920687
False,piano,96,43,111.80952380952434,111.98968253968306
True,piano,96,42,112.00000000000053,112.18015873015925
True,piano,96,54,112.00000000000053,112.18015873015925
True,piano,96,42,112.19047619047672,112.28015873015926
False,piano,96,42,112.28571428571482,112.37539682539736
False,piano,96,54,112.38095238095292,112.47063492063546
True,piano,96,54,112.47619047619102,112.56587301587356
False,piano,96,42,112.57142857142912,112.66111111111167
True,piano,96,42,112.66666666666723,112.75634920634977
True,piano,33,33,112.76190476190533,112.8817460317466
False,piano,33,33,112.88888888888945,113.00873015873073
True,piano,33,33,113.01587301587358,113.13571428571485
False,piano,33,45,113.14285714285771,113.26269841269898
False,piano,33,33,113.26984126984183,113.38968253968311
False,piano,33,33,113.52380952381009,113.64365079365136
True,piano,33,33,113.65079365079421,113.77063492063549
False,piano,33,33,113.77777777777834,113.89761904761961
False,piano,33,45,113.90476190476247,114.02460317460374
False,piano,33,33,114.0317460317466,114.15158730158787
True,piano,33,33,114.28571428571485,114.40555555555612
False,piano,33,33,114.41269841269897,114.53253968254025
True,piano,33,33,114.5396825396831,114.65952380952437
False,piano,33,33,114.66666666666723,114.7865079365085
True,piano,33,33,114.79365079365135,114.91349206349263
False,piano,33,33,114.92063492063548,115.04047619047675
True,piano,33,33,115.0476190476196,115.16746031746088
False,piano,33,33,115.17460317460373,115.294444444445
True,piano,33,33,115.30158730158786,115.42142857142913
False,piano,33,45,115.42857142857198,115.54841269841326
True,piano,33,33,115.55555555555611,115.67539682539739
True,piano,33,33,115.80952380952436,115.92936507936564
True,piano,33,33,115.93650793650849,116.05634920634976
False,piano,33,33,116.06349206349262,116.18333333333389
True,piano,33,45,116.19047619047674,116.31031746031802
False,piano,33,33,116.31746031746087,116.43730158730214
True,piano,33,33,116.57142857142912,116.6912698412704
False,piano,33,33,116.69841269841325,116.81825396825452
False,piano,33,33,116.82539682539738,116.94523809523865
False,piano,33,45,116.9523809523815,117.07222222222278
True,piano,33,33,117.07936507936563,117.1992063492069
False,piano,33,33,117.33333333333388,117.45317460317516
False,piano,33,33,117.46031746031801,117.58015873015928
False,piano,33,33,117.58730158730214,117.70714285714341
False,piano,33,33,117.71428571428626,117.83412698412754
False,piano,33,33,117.84126984127039,117.96111111111166
False,piano,33,33,117.96825396825452,118.08809523809579
False,piano,33,33,118.09523809523864,118.21507936507992
False,piano,33,33,118.22222222222277,118.34206349206404
False,piano,33,33,118.3492063492069,118.46904761904817
True,piano,33,45,118.47619047619102,118.5960317460323
False,piano,33,33,118.60317460317515,118.72301587301642
True,piano,33,33,118.8571428571434,118.97698412698468
False,piano,33,33,118.98412698412753,119.1039682539688
False,piano,33,33,119.11111111111165,119.23095238095293
False,piano,33,45,119.23809523809578,119.35793650793705
True,piano,33,33,119.36507936507991,119.48492063492118
False,piano,33,33,119.61904761904816,119.73888888888943
True,piano,33,33,119.74603174603229,119.86587301587356
False,piano,33,33,119.87301587301641,119.99285714285769
False,piano,33,45,120.00000000000054,120.11984126984181
False,piano,33,33,120.12698412698467,120.24682539682594
False,piano,33,33,120.38095238095292,120.5007936507942
False,piano,33,33,120.50793650793705,120.62777777777832
False,piano,33,33,120.63492063492117,120.75476190476245
True,piano,33,33,120.7619047619053,120.88174603174657
False,piano,33,33,120.88888888888943,121.0087301587307
True,piano,33,33,121.01587301587355,121.13571428571483
True,piano,33,33,121.14285714285768,121.26269841269895
True,piano,33,33,121.2698412698418,121.38968253968308
True,piano,33,33,121.39682539682593,121.5166666666672
False,piano,33,45,121.52380952381006,121.64365079365133
False,piano,33,33,121.65079365079418,121.77063492063546
False,piano,33,33,121.90476190476244,122.02460317460371
False,piano,33,33,122.03174603174656,122.15158730158784
False,piano,33,33,122.15873015873069,122.27857142857196
False,piano,33,45,122.28571428571482,122.40555555555609
True,piano,33,33,122.41269841269894,122.53253968254022
True,piano,33,33,122.6666666666672,122.78650793650847
True,piano,33,33,122.79365079365132,122.9134920634926
False,piano,33,33,122.92063492063545,123.04047619047672
True,piano,33,45,123.04761904761958,123.16746031746085
True,piano,33,33,123.1746031746037,123.29444444444498
False,piano,33,33,123.42857142857196,123.54841269841323
False,piano,33,33,123.55555555555608,123.67539682539736
True,piano,33,33,123.68253968254021,123.80238095238148
False,piano,33,33,123.80952380952434,123.92936507936561
True,piano,33,33,123.93650793650846,124.05634920634974
False,piano,33,33,124.06349206349259,124.18333333333386
True,piano,33,33,124.19047619047672,124.31031746031799
False,piano,33,33,124.31746031746084,124.43730158730212
False,piano,33,33,124.44444444444497,124.56428571428624
False,piano,33,45,124.5714285714291,124.69126984127037
True,piano,33,33,124.69841269841322,124.8182539682545
True,piano,33,38,124.95238095238147,125.1325396825402
False,piano,33,50,125.14285714285766,125.32301587301639
False,piano,33,53,125.14285714285766,125.32301587301639
False,piano,33,50,125.33333333333385,125.51349206349258
False,piano,33,53,125.33333333333385,125.51349206349258
False,piano,33,38,125.52380952381004,125.70396825396877
False,piano,33,50,125.71428571428623,125.89444444444496
False,piano,33,53,125.71428571428623,125.89444444444496
False,piano,33,50,125.90476190476242,126.08492063492115
True,piano,33,53,125.90476190476242,126.08492063492115
False,piano,33,38,126.09523809523861,126.27539682539734
False,piano,33,50,126.2857142857148,126.46587301587353
False,piano,33,53,126.2857142857148,126.46587301587353
False,piano,49,38,126.476190476191,126.65634920634972
False,piano,54,50,126.66666666666718,126.8468253968259
False,piano,54,53,126.66666666666718,126.8468253968259
False,piano,60,50,126.85714285714337,127.0373015873021
True,piano,60,53,126.85714285714337,127.0373015873021
True,piano,66,38,127.04761904761956,127.22777777777829
True,piano,72,50,127.23809523809575,127.41825396825448
True,piano,72,53,127.23809523809575,127.41825396825448
False,piano,78,50,127.42857142857194,127.60873015873067
True,piano,78,53,127.42857142857194,127.60873015873067
True,piano,84,38,127.61904761904813,127.79920634920686
True,piano,90,50,127.80952380952432,127.98968253968305
False,piano,90,53,127.80952380952432,127.98968253968305
True,piano,96,45,128.0000000000005,128.18015873015923
True,piano,96,57,128.0000000000005,128.18015873015923
True,piano,96,45,128.1904761904767,128.28015873015923
False,piano,96,45,128.2857142857148,128.37539682539733
True,piano,96,57,128.3809523809529,128.56111111111161
True,piano,96,45,128.57142857142907,128.7515873015878
False,piano,96,45,128.76190476190524,128.94206349206397
True,piano,96,57,128.76190476190524,128.94206349206397
True,piano,96,45,128.95238095238142,129.04206349206396
True,piano,96,45,129.04761904761952,129.13730158730206
False,piano,96,57,129.14285714285762,129.23253968254016
False,piano,96,57,129.23809523809572,129.32777777777827
True,piano,96,45,129.33333333333383,129.42301587301637
False,piano,96,45,129.42857142857193,129.51825396825447
True,piano,96,44,129.52380952381003,129.70396825396875
True,piano,96,56,129.52380952381003,129.70396825396875
True,piano,96,44,129.7142857142862,129.80396825396875
False,piano,96,44,129.8095238095243,129.89920634920685
False,piano,96,56,129.9047619047624,130.08492063492113
True,piano,96,44,130.09523809523859,130.2753968253973
True,piano,96,44,130.28571428571476,130.46587301587348
False,piano,96,56,130.28571428571476,130.46587301587348
False,piano,96,44,130.47619047619094,130.56587301587348
False,piano,96,44,130.57142857142904,130.66111111111158
False,piano,96,56,130.66666666666714,130.75634920634968
True,piano,96,56,130.76190476190524,130.85158730158778
True,piano,96,44,130.85714285714334,130.9468253968259
False,piano,96,44,130.95238095238145,131.042063492064
False,piano,96,41,131.04761904761955,131.22777777777827
False,piano,96,53,131.04761904761955,131.22777777777827
False,piano,96,41,131.23809523809572,131.32777777777827
False,piano,96,41,131.33333333333383,131.42301587301637
True,piano,96,53,131.42857142857193,131.60873015873065
False,piano,96,41,131.6190476190481,131.79920634920683
True,piano,96,41,131.80952380952428,131.989682539683
False,piano,96,53,131.80952380952428,131.989682539683
False,piano,96,41,132.00000000000045,132.089682539683
False,piano,96,41,132.09523809523856,132.1849206349211
False,piano,96,53,132.19047619047666,132.2801587301592
False,piano,96,53,132.28571428571476,132.3753968253973
True,piano,96,41,132.38095238095286,132.4706349206354
False,piano,96,41,132.47619047619096,132.5658730158735
True,piano,96,38,132.57142857142907,132.7515873015878
False,piano,96,50,132.57142857142907,132.7515873015878
True,piano,96,38,132.76190476190524,132.85158730158778
False,piano,96,38,132.85714285714334,132.9468253968259
False,piano,96,50,132.95238095238145,133.13253968254017
False,piano,96,38,133.14285714285762,133.32301587301635
True,piano,96,40,133.3333333333338,133.51349206349252
True,piano,96,52,133.3333333333338,133.51349206349252
True,piano,96,40,133.52380952380997,133.61349206349252
False,piano,96,40,133.61904761904808,133.70873015873062
True,piano,96,52,133.71428571428618,133.80396825396872
True,piano,96,52,133.80952380952428,133.89920634920682
False,piano,96,40,133.90476190476238,133.99444444444492
False,piano,96,40,134.00000000000048,134.08968253968303
True,piano,96,45,134.09523809523859,134.2753968253973
False,piano,96,57,134.09523809523859,134.2753968253973
False,piano,96,45,134.28571428571476,134.3753968253973
True,piano,96,45,134.38095238095286,134.4706349206354
False,piano,96,57,134.47619047619096,134.6563492063497
False,piano,96,45,134.66666666666714,134.84682539682586
False,piano,96,45,134.85714285714332,135.03730158730204
True,piano,96,57,134.85714285714332,135.03730158730204
False,piano,96,45,135.0476190476195,135.13730158730203
True,piano,96,45,135.1428571428576,135.23253968254014
False,piano,96,57,135.2380952380957,135.32777777777824
False,piano,96,57,135.3333333333338,135.42301587301634
True,piano,96,45,135.4285714285719,135.51825396825444
True,piano,96,45,135.52380952381,135.61349206349254
False,piano,96,44,135.6190476190481,135.79920634920683
True,piano,96,56,135.6190476190481,135.79920634920683
True,piano,96,44,135.80952380952428,135.89920634920682
True,piano,96,44,135.90476190476238,135.99444444444492
False,piano,96,56,136.00000000000048,136.1801587301592
True,piano,96,44,136.19047619047666,136.37063492063538
False,piano,96,44,136.38095238095283,136.56111111111156
False,piano,96,56,136.38095238095283,136.56111111111156
False,piano,96,44,136.571428571429,136.66111111111155
False,piano,96,44,136.6666666666671,136.75634920634965
True,piano,96,56,136.7619047619052,136.85158730158776
False,piano,96,56,136.85714285714332,136.94682539682586
False,piano,96,44,136.95238095238142,137.04206349206396
False,piano,96,44,137.04761904761952,137.13730158730206
True,piano,96,41,137.14285714285762,137.32301587301635
True,piano,96,53,137.14285714285762,137.32301587301635
True,piano,96,41,137.3333333333338,137.42301587301634
True,piano,96,41,137.4285714285719,137.51825396825444
False,piano,96,53,137.52380952381,137.70396825396872
False,piano,96,41,137.71428571428618,137.8944444444449
False,piano,96,41,137.90476190476235,138.08492063492108
False,piano,96,53,137.90476190476235,138.08492063492108
True,piano,96,41,138.09523809523853,138.18492063492107
False,piano,96,41,138.19047619047663,138.28015873015917
False,piano,96,53,138.28571428571473,138.37539682539727
False,piano,96,53,138.38095238095283,138.47063492063538
False,piano,96,41,138.47619047619094,138.56587301587348
True,piano,96,41,138.57142857142904,138.66111111111158
False,piano,96,38,138.66666666666714,138.84682539682586
False,piano,96,50,138.66666666666714,138.84682539682586
False,piano,96,38,138.85714285714332,138.94682539682586
True,piano,96,38,138.95238095238142,139.04206349206396
False,piano,96,50,139.04761904761952,139.22777777777824
False,piano,96,38,139.2380952380957,139.41825396825442
False,piano,96,40,139.42857142857187,139.6087301587306
False,piano,96,52,139.42857142857187,139.6087301587306
True,piano,96,40,139.61904761904805,139.7087301587306
True,piano,96,40,139.71428571428615,139.8039682539687
True,piano,96,52,139.80952380952425,139.8992063492068
True,piano,96,52,139.90476190476235,139.9944444444449
True,piano,96,40,140.00000000000045,140.089682539683
True,piano,96,40,140.09523809523856,140.1849206349211
False,piano,96,45,140.19047619047666,140.37063492063538
True,piano,96,57,140.19047619047666,140.37063492063538
False,piano,96,45,140.38095238095283,140.47063492063538
True,piano,96,45,140.47619047619094,140.56587301587348
True,piano,96,57,140.57142857142904,140.75158730158776
False,piano,96,45,140.7619047619052,140.94206349206394
False,piano,96,45,140.9523809523814,141.1325396825401
True,piano,96,57,140.9523809523814,141.1325396825401
True,piano,96,45,141.14285714285757,141.2325396825401
True,piano,96,45,141.23809523809567,141.3277777777782
False,piano,96,57,141.33333333333377,141.4230158730163
True,piano,96,57,141.42857142857187,141.5182539682544
True,piano,96,45,141.52380952380997,141.61349206349252
False,piano,96,45,141.61904761904808,141.70873015873062
False,piano,96,44,141.71428571428618,141.8944444444449
True,piano,96,56,141.71428571428618,141.8944444444449
True,piano,96,44,141.90476190476235,141.9944444444449
False,piano,96,44,142.00000000000045,142.089682539683
False,piano,96,56,142.09523809523856,142.27539682539728
True,piano,96,44,142.28571428571473,142.46587301587346
True,piano,96,44,142.4761904761909,142.65634920634963
False,piano,96,56,142.4761904761909,142.65634920634963
False,piano,96,44,142.66666666666708,142.75634920634963
False,piano,96,44,142.76190476190519,142.85158730158773
True,piano,96,56,142.8571428571433,142.94682539682583
False,piano,96,56,142.9523809523814,143.04206349206393
True,piano,96,44,143.0476190476195,143.13730158730203
False,piano,96,44,143.1428571428576,143.23253968254014
False,piano,96,41,143.2380952380957,143.41825396825442
False,piano,96,53,143.2380952380957,143.41825396825442
True,piano,96,41,143.42857142857187,143.5182539682544
True,piano,96,41,143.52380952380997,143.61349206349252
True,piano,96,53,143.61904761904808,143.7992063492068
False,piano,96,41,143.80952380952425,143.98968253968297
True,piano,96,41,144.00000000000043,144.18015873015915
False,piano,96,53,144.00000000000043,144.18015873015915
False,piano,96,41,144.1904761904766,144.28015873015914
False,piano,96,41,144.2857142857147,144.37539682539725
True,piano,96,53,144.3809523809528,144.47063492063535
True,piano,96,53,144.4761904761909,144.56587301587345
False,piano,96,41,144.571428571429,144.66111111111155
True,piano,96,41,144.6666666666671,144.75634920634965
False,piano,96,38,144.7619047619052,144.94206349206394
True,piano,96,50,144.7619047619052,144.94206349206394
False,piano,96,38,144.9523809523814,145.04206349206393
True,piano,96,38,145.0476190476195,145.13730158730203
True,piano,96,50,145.1428571428576,145.32301587301632
True,piano,96,38,145.33333333333377,145.5134920634925
True,piano,96,40,145.52380952380994,145.70396825396867
False,piano,96,52,145.52380952380994,145.70396825396867
True,piano,96,40,145.71428571428612,145.80396825396866
False,piano,96,40,145.80952380952422,145.89920634920676
True,piano,96,52,145.90476190476232,145.99444444444487
True,piano,96,52,146.00000000000043,146.08968253968297
True,piano,96,40,146.09523809523853,146.18492063492107
False,piano,96,40,146.19047619047663,146.28015873015917
False,piano,96,45,146.28571428571473,146.46587301587346
True,piano,96,57,146.28571428571473,146.46587301587346
False,piano,96,45,146.4761904761909,146.56587301587345
True,piano,96,45,146.571428571429,146.66111111111155
False,piano,96,57,146.6666666666671,146.84682539682584
False,piano,96,45,146.8571428571433,147.037301587302
False,piano,96,45,147.04761904761946,147.2277777777782
False,piano,96,57,147.04761904761946,147.2277777777782
False,piano,96,45,147.23809523809564,147.32777777777818
False,piano,96,45,147.33333333333374,147.42301587301628
False,piano,96,57,147.42857142857184,147.51825396825438
True,piano,96,57,147.52380952380994,147.6134920634925
True,piano,96,45,147.61904761904805,147.7087301587306
False,piano,96,45,147.71428571428615,147.8039682539687
True,piano,96,44,147.80952380952425,147.98968253968297
False,piano,96,56,147.80952380952425,147.98968253968297
False,piano,96,44,148.00000000000043,148.08968253968297
False,piano,96,44,148.09523809523853,148.18492063492107
False,piano,96,56,148.19047619047663,148.37063492063535
False,piano,96,44,148.3809523809528,148.56111111111153
False,piano,96,44,148.57142857142898,148.7515873015877
False,piano,96,56,148.57142857142898,148.7515873015877
True,piano,96,44,148.76190476190516,148.8515873015877
False,piano,96,44,148.85714285714326,148.9468253968258
False,piano,96,56,148.95238095238136,149.0420634920639
True,piano,96,56,149.04761904761946,149.137301587302
False,piano,96,44,149.14285714285757,149.2325396825401
True,piano,96,44,149.23809523809567,149.3277777777782
True,piano,96,41,149.33333333333377,149.5134920634925
True,piano,96,53,149.33333333333377,149.5134920634925
False,piano,96,41,149.52380952380994,149.6134920634925
False,piano,96,41,149.61904761904805,149.7087301587306
False,piano,96,53,149.71428571428615,149.89444444444487
False,piano,96,41,149.90476190476232,150.08492063492105
False,piano,96,41,150.0952380952385,150.27539682539722
False,piano,96,53,150.0952380952385,150.27539682539722
True,piano,96,41,150.28571428571468,150.37539682539722
False,piano,96,41,150.38095238095278,150.47063492063532
False,piano,96,53,150.47619047619088,150.56587301587342
False,piano,96,53,150.57142857142898,150.66111111111152
True,piano,96,41,150.66666666666708,150.75634920634963
True,piano,96,41,150.76190476190519,150.85158730158773
True,piano,96,38,150.8571428571433,151.037301587302
False,piano,96,50,150.8571428571433,151.037301587302
False,piano,96,38,151.04761904761946,151.137301587302
True,piano,96,38,151.14285714285757,151.2325396825401
False,piano,96,50,151.23809523809567,151.4182539682544
True,piano,96,38,151.42857142857184,151.60873015873057
False,piano,96,40,151.61904761904802,151.79920634920674
False,piano,96,52,151.61904761904802,151.79920634920674
False,piano,96,40,151.8095238095242,151.89920634920674
True,piano,96,40,151.9047619047623,151.99444444444484
True,piano,96,52,152.0000000000004,152.08968253968294
True,piano,96,52,152.0952380952385,152.18492063492104
True,piano,96,40,152.1904761904766,152.28015873015914
False,piano,96,40,152.2857142857147,152.37539682539725
True,piano,49,45,152.3809523809528,152.47539682539724
True,piano,49,57,152.57142857142898,152.66587301587342
False,piano,49,60,152.57142857142898,152.66587301587342
False,piano,49,57,152.76190476190516,152.8563492063496
True,piano,49,60,152.76190476190516,152.8563492063496
False,piano,49,45,152.95238095238133,153.04682539682577
True,piano,49,57,153.1428571428575,153.23730158730194
False,piano,49,60,153.1428571428575,153.23730158730194
True,piano,49,57,153.33333333333368,153.42777777777812
False,piano,49,60,153.33333333333368,153.42777777777812
False,piano,49,45,153.52380952380986,153.6182539682543
False,piano,49,57,153.71428571428604,153.76111111111143
False,piano,49,60,153.71428571428604,153.76111111111143
False,piano,49,57,153.80952380952414,153.85634920634953
True,piano,49,60,153.80952380952414,153.85634920634953
True,piano,49,44,153.90476190476224,153.99920634920667
False,piano,49,56,154.09523809523841,154.18968253968285
False,piano,49,59,154.09523809523841,154.18968253968285
False,piano,49,56,154.2857142857146,154.38015873015902
False,piano,49,59,154.2857142857146,154.38015873015902
False,piano,49,44,154.47619047619077,154.5706349206352
True,piano,49,56,154.66666666666694,154.76111111111138
True,piano,49,59,154.66666666666694,154.76111111111138
True,piano,49,56,154.85714285714312,154.95158730158755
False,piano,49,59,154.85714285714312,154.95158730158755
False,piano,49,44,155.0476190476193,155.14206349206373
True,piano,49,56,155.23809523809547,155.28492063492087
True,piano,49,59,155.23809523809547,155.28492063492087
False,piano,49,56,155.33333333333357,155.38015873015897
False,piano,49,59,155.33333333333357,155.38015873015897
True,piano,49,41,155.42857142857167,155.5230158730161
False,piano,49,48,155.61904761904785,155.71349206349228
False,piano,49,53,155.61904761904785,155.71349206349228
False,piano,49,48,155.80952380952402,155.90396825396846
True,piano,49,53,155.80952380952402,155.90396825396846
True,piano,49,41,156.0000000000002,156.09444444444463
True,piano,49,48,156.19047619047637,156.2849206349208
False,piano,49,53,156.19047619047637,156.2849206349208
True,piano,49,48,156.38095238095255,156.47539682539698
False,piano,49,53,156.38095238095255,156.47539682539698
True,piano,49,41,156.57142857142873,156.66587301587316
False,piano,49,48,156.7619047619049,156.85634920634934
False,piano,49,53,156.7619047619049,156.85634920634934
False,piano,49,44,156.95238095238108,157.0468253968255
False,piano,49,56,157.14285714285725,157.2373015873017
False,piano,49,59,157.14285714285725,157.2373015873017
False,piano,49,56,157.33333333333343,157.42777777777786
False,piano,49,59,157.33333333333343,157.42777777777786
True,piano,49,44,157.5238095238096,157.61825396825404
False,piano,49,56,157.71428571428578,157.8087301587302
True,piano,49,59,157.71428571428578,157.8087301587302
False,piano,49,56,157.90476190476195,157.9992063492064
True,piano,49,59,157.90476190476195,157.9992063492064
False,piano,49,44,158.09523809523813,158.18968253968256
False,piano,49,56,158.2857142857143,158.3325396825397
True,piano,49,59,158.2857142857143,158.3325396825397
False,piano,49,56,158.3809523809524,158.4277777777778
True,piano,49,59,158.3809523809524,158.4277777777778
False,piano,49,45,158.4761904761905,158.57063492063494
True,piano,49,57,158.66666666666669,158.76111111111112
True,piano,49,60,158.66666666666669,158.76111111111112
False,piano,49,57,158.85714285714286,158.9515873015873
True,piano,49,60,158.85714285714286,158.9515873015873
True,piano,49,45,159.04761904761904,159.14206349206347
True,piano,49,57,159.2380952380952,159.33253968253965
True,piano,49,60,159.2380952380952,159.33253968253965
False,piano,49,57,159.4285714285714,159.52301587301582
True,piano,49,60,159.4285714285714,159.52301587301582
False,piano,49,45,159.61904761904756,159.713492063492
False,piano,49,57,159.80952380952374,159.85634920634914
True,piano,49,60,159.80952380952374,159.85634920634914
True,piano,49,57,159.90476190476184,159.95158730158724
False,piano,49,60,159.90476190476184,159.95158730158724
True,piano,49,45,159.99999999999994,160.09444444444438
False,piano,49,57,160.19047619047612,160.28492063492055
False,piano,49,60,160.19047619047612,160.28492063492055
True,piano,49,57,160.3809523809523,160.47539682539673
True,piano,49,60,160.3809523809523,160.47539682539673
True,piano,49,45,160.57142857142847,160.6658730158729
False,piano,49,57,160.76190476190465,160.85634920634908
True,piano,49,60,160.76190476190465,160.85634920634908
True,piano,49,57,160.95238095238082,161.04682539682526
False,piano,49,60,160.95238095238082,161.04682539682526
False,piano,49,45,161.142857142857,161.23730158730143
True,piano,49,57,161.33333333333317,161.38015873015857
True,piano,49,60,161.33333333333317,161.38015873015857
False,piano,49,57,161.42857142857127,161.47539682539667
False,piano,49,60,161.42857142857127,161.47539682539667
False,piano,49,41,161.52380952380938,161.6182539682538
True,piano,49,48,161.71428571428555,161.80873015873
False,piano,49,53,161.71428571428555,161.80873015873
False,piano,49,48,161.90476190476173,161.99920634920616
False,piano,49,53,161.90476190476173,161.99920634920616
False,piano,49,41,162.0952380952379,162.18968253968234
True,piano,49,48,162.28571428571408,162.3801587301585
False,piano,49,53,162.28571428571408,162.3801587301585
True,piano,49,48,162.47619047619025,162.5706349206347
False,piano,49,53,162.47619047619025,162.5706349206347
True,piano,49,41,162.66666666666643,162.76111111111086
False,piano,49,48,162.8571428571426,162.95158730158704
True,piano,49,53,162.8571428571426,162.95158730158704
True,piano,49,44,163.04761904761878,163.14206349206322
True,piano,49,56,163.23809523809496,163.3325396825394
True,piano,49,59,163.23809523809496,163.3325396825394
False,piano,49,56,163.42857142857113,163.52301587301557
True,piano,49,59,163.42857142857113,163.52301587301557
True,piano,49,44,163.6190476190473,163.71349206349174
True,piano,49,56,163.80952380952348,163.90396825396792
True,piano,49,59,163.80952380952348,163.90396825396792
True,piano,49,56,163.99999999999966,164.0944444444441
True,piano,49,59,163.99999999999966,164.0944444444441
True,piano,49,44,164.19047619047583,164.28492063492027
True,piano,49,56,164.380952380952,164.4277777777774
True,piano,49,59,164.380952380952,164.4277777777774
True,piano,49,56,164.4761904761901,164.5230158730155
True,piano,49,59,164.4761904761901,164.5230158730155
False,piano,49,45,164.5714285714282,164.66587301587265
False,piano,49,57,164.7619047619044,164.85634920634882
False,piano,49,60,164.7619047619044,164.85634920634882
False,piano,49,57,164.95238095238057,165.046825396825
False,piano,49,60,164.95238095238057,165.046825396825
False,piano,49,45,165.14285714285674,165.23730158730118
False,piano,49,57,165.33333333333292,165.42777777777735
False,piano,49,60,165.33333333333292,165.42777777777735
True,piano,49,57,165.5238095238091,165.61825396825353
True,piano,49,60,165.5238095238091,165.61825396825353
True,piano,49,45,165.71428571428527,165.8087301587297
True,piano,49,57,165.90476190476144,165.95158730158684
True,piano,49,60,165.90476190476144,165.95158730158684
False,piano,49,57,165.99999999999955,166.04682539682494
True,piano,49,60,165.99999999999955,166.04682539682494
False,piano,49,44,166.09523809523765,166.18968253968208
True,piano,49,56,166.28571428571382,166.38015873015826
False,piano,49,59,166.28571428571382,166.38015873015826
True,piano,49,56,166.47619047619,166.57063492063443
True,piano,49,59,166.47619047619,166.57063492063443
False,piano,49,44,166.66666666666617,166.7611111111106
False,piano,49,56,166.85714285714235,166.95158730158678
True,piano,49,59,166.85714285714235,166.95158730158678
True,piano,49,56,167.04761904761853,167.14206349206296
False,piano,49,59,167.04761904761853,167.14206349206296
True,piano,49,44,167.2380952380947,167.33253968253914
True,piano,49,56,167.42857142857088,167.47539682539627
False,piano,49,59,167.42857142857088,167.47539682539627
False,piano,49,56,167.52380952380898,167.57063492063438
True,piano,49,59,167.52380952380898,167.57063492063438
True,piano,49,41,167.61904761904708,167.71349206349151
False,piano,49,48,167.80952380952326,167.9039682539677
True,piano,49,53,167.80952380952326,167.9039682539677
True,piano,49,48,167.99999999999943,168.09444444444387
True,piano,49,53,167.99999999999943,168.09444444444387
True,piano,49,41,168.1904761904756,168.28492063492004
False,piano,49,48,168.38095238095178,168.47539682539622
True,piano,49,53,168.38095238095178,168.47539682539622
False,piano,49,48,168.57142857142796,168.6658730158724
True,piano,49,53,168.57142857142796,168.6658730158724
True,piano,49,41,168.76190476190413,168.85634920634857
False,piano,49,48,168.9523809523803,169.04682539682474
False,piano,49,53,168.9523809523803,169.04682539682474
True,piano,49,44,169.14285714285649,169.23730158730092
False,piano,49,56,169.33333333333266,169.4277777777771
True,piano,49,59,169.33333333333266,169.4277777777771
False,piano,49,56,169.52380952380884,169.61825396825327
False,piano,49,59,169.52380952380884,169.61825396825327
False,piano,49,44,169.714285714285,169.80873015872945
True,piano,49,56,169.9047619047612,169.99920634920562
False,piano,49,59,169.9047619047612,169.99920634920562
True,piano,49,56,170.09523809523736,170.1896825396818
True,piano,49,59,170.09523809523736,170.1896825396818
False,piano,49,44,170.28571428571354,170.38015873015797
True,piano,49,56,170.47619047618971,170.5230158730151
True,piano,49,59,170.47619047618971,170.5230158730151
False,piano,49,56,170.57142857142782,170.6182539682532
False,piano,49,59,170.57142857142782,170.6182539682532
False,piano,49,45,170.66666666666592,170.76111111111035
True,piano,49,57,170.8571428571421,170.95158730158653
True,piano,49,60,170.8571428571421,170.95158730158653
False,piano,49,57,171.04761904761827,171.1420634920627
False,piano,49,60,171.04761904761827,171.1420634920627
False,piano,49,45,171.23809523809444,171.33253968253888
True,piano,49,57,171.42857142857062,171.52301587301505
False,piano,49,60,171.42857142857062,171.52301587301505
False,piano,49,57,171.6190476190468,171.71349206349123
True,piano,49,60,171.6190476190468,171.71349206349123
True,piano,49,45,171.80952380952297,171.9039682539674
False,piano,49,57,171.99999999999915,172.04682539682454
False,piano,49,60,171.99999999999915,172.04682539682454
False,piano,49,57,172.09523809523725,172.14206349206265
True,piano,49,60,172.09523809523725,172.14206349206265
True,piano,49,45,172.19047619047535,172.28492063491979
True,piano,49,57,172.38095238095153,172.47539682539596
False,piano,49,60,172.38095238095153,172.47539682539596
False,piano,49,57,172.5714285714277,172.66587301587214
False,piano,49,60,172.5714285714277,172.66587301587214
True,piano,49,45,172.76190476190388,172.8563492063483
False,piano,49,57,172.95238095238005,173.0468253968245
False,piano,49,60,172.95238095238005,173.0468253968245
False,piano,49,57,173.14285714285623,173.23730158730066
False,piano,49,60,173.14285714285623,173.23730158730066
False,piano,49,45,173.3333333333324,173.42777777777684
False,piano,49,57,173.52380952380858,173.57063492063398
True,piano,49,60,173.52380952380858,173.57063492063398
True,piano,49,57,173.61904761904668,173.66587301587208
True,piano,49,60,173.61904761904668,173.66587301587208
True,piano,49,41,173.71428571428478,173.80873015872922
False,piano,49,48,173.90476190476096,173.9992063492054
False,piano,49,53,173.90476190476096,173.9992063492054
True,piano,49,48,174.09523809523714,174.18968253968157
True,piano,49,53,174.09523809523714,174.18968253968157
True,piano,49,41,174.2857142857133,174.38015873015775
False,piano,49,48,174.4761904761895,174.57063492063392
False,piano,49,53,174.4761904761895,174.57063492063392
False,piano,49,48,174.66666666666566,174.7611111111101
False,piano,49,53,174.66666666666566,174.7611111111101
False,piano,49,41,174.85714285714184,174.95158730158627
True,piano,49,48,175.047619047618,175.14206349206245
False,piano,49,53,175.047619047618,175.14206349206245
False,piano,49,44,175.2380952380942,175.33253968253862
True,piano,49,56,175.42857142857036,175.5230158730148
False,piano,49,59,175.42857142857036,175.5230158730148
True,piano,49,56,175.61904761904654,175.71349206349097
False,piano,49,59,175.61904761904654,175.71349206349097
False,piano,49,44,175.80952380952272,175.90396825396715
False,piano,49,56,175.9999999999989,176.09444444444333
False,piano,49,59,175.9999999999989,176.09444444444333
False,piano,49,56,176.19047619047507,176.2849206349195
True,piano,49,59,176.19047619047507,176.2849206349195
False,piano,49,44,176.38095238095124,176.47539682539568
False,piano,49,56,176.57142857142742,176.61825396825282
True,piano,49,59,176.57142857142742,176.61825396825282
False,piano,49,56,176.66666666666552,176.71349206349092
False,piano,49,59,176.66666666666552,176.71349206349092
False,piano,49,45,176.76190476190362,176.85634920634806
False,piano,49,57,176.9523809523798,177.04682539682423
True,piano,49,60,176.9523809523798,177.04682539682423
False,piano,49,57,177.14285714285597,177.2373015873004
True,piano,49,60,177.14285714285597,177.2373015873004
True,piano,49,45,177.33333333333215,177.42777777777658
False,piano,49,57,177.52380952380832,177.61825396825276
False,piano,49,60,177.52380952380832,177.61825396825276
False,piano,49,57,177.7142857142845,177.80873015872893
False,piano,49,60,177.7142857142845,177.80873015872893
True,piano,49,45,177.90476190476068,177.9992063492051
True,piano,49,57,178.09523809523685,178.14206349206225
True,piano,49,60,178.09523809523685,178.14206349206225
False,piano,49,57,178.19047619047495,178.23730158730035
False,piano,49,60,178.19047619047495,178.23730158730035
True,piano,49,45,178.28571428571306,178.3801587301575
True,piano,49,57,178.47619047618923,178.57063492063367
False,piano,49,60,178.47619047618923,178.57063492063367
True,piano,49,57,178.6666666666654,178.76111111110984
False,piano,49,60,178.6666666666654,178.76111111110984
False,piano,49,45,178.85714285714158,178.95158730158602
False,piano,49,57,179.04761904761776,179.1420634920622
True,piano,49,60,179.04761904761776,179.1420634920622
False,piano,49,57,179.23809523809393,179.33253968253837
True,piano,49,60,179.23809523809393,179.33253968253837
False,piano,49,45,179.4285714285701,179.52301587301454
True,piano,49,57,179.61904761904628,179.71349206349072
True,piano,49,60,179.61904761904628,179.71349206349072
